Date,Temperatur,Nederbord
2010-01-01,-8.9,0.0
2010-01-02,-8.3,0.0
2010-01-03,-12.7,0.0
2010-01-04,-4.4,1.3
2010-01-05,-4.4,6.0
2010-01-06,-5.7,1.1
2010-01-07,-9.1,0.1
2010-01-08,-12.7,0.0
2010-01-09,-8.1,0.0
2010-01-10,-2.5,0.0
2010-01-11,-3.0,0.0
2010-01-12,-4.2,0.0
2010-01-13,-1.8,0.0
2010-01-14,-1.6,0.0
2010-01-15,-3.4,0.0
2010-01-16,-2.4,0.0
2010-01-17,-2.3,1.7
2010-01-18,-2.0,1.6
2010-01-19,-1.5,1.5
2010-01-20,-2.9,1.4
2010-01-21,-2.5,0.0
2010-01-22,-2.4,0.0
2010-01-23,-6.1,0.0
2010-01-24,-6.8,0.0
2010-01-25,-9.2,0.0
2010-01-26,-10.8,0.0
2010-01-27,-4.3,11.3
2010-01-28,-3.1,0.0
2010-01-29,-9.3,0.2
2010-01-30,-12.6,0.1
2010-01-31,-9.7,1.5
2010-02-01,-2.5,1.9
2010-02-02,-4.0,11.2
2010-02-03,-1.8,3.5
2010-02-04,-3.9,0.0
2010-02-05,-1.9,0.0
2010-02-06,-2.6,0.0
2010-02-07,-5.8,0.0
2010-02-08,-6.9,0.0
2010-02-09,-5.1,0.0
2010-02-10,-4.1,0.0
2010-02-11,-4.8,0.0
2010-02-12,-6.0,5.2
2010-02-13,-4.7,0.4
2010-02-14,-3.8,0.0
2010-02-15,-3.7,0.6
2010-02-16,-2.4,1.7
2010-02-17,-2.7,0.0
2010-02-18,-2.2,6.6
2010-02-19,-0.8,18.4
2010-02-20,-0.4,5.5
2010-02-21,-6.2,0.7
2010-02-22,-6.4,3.2
2010-02-23,-4.0,0.4
2010-02-24,-5.0,2.3
2010-02-25,-0.7,3.1
2010-02-26,1.9,1.5
2010-02-27,1.3,1.4
2010-02-28,2.5,2.6
2010-03-01,0.1,2.4
2010-03-02,-2.7,0.0
2010-03-03,-1.8,0.0
2010-03-04,-5.9,0.0
2010-03-05,-7.6,0.0
2010-03-06,-5.3,0.0
2010-03-07,-3.0,0.0
2010-03-08,-2.8,0.0
2010-03-09,-1.3,0.0
2010-03-10,-2.8,0.0
2010-03-11,-1.0,0.0
2010-03-12,0.4,1.1
2010-03-13,-0.9,0.1
2010-03-14,-1.0,0.8
2010-03-15,-1.8,0.0
2010-03-16,-2.2,0.1
2010-03-17,1.7,0.2
2010-03-18,4.3,0.0
2010-03-19,4.9,1.2
2010-03-20,4.5,4.7
2010-03-21,4.4,0.0
2010-03-22,1.2,0.1
2010-03-23,4.4,2.2
2010-03-24,4.9,0.0
2010-03-25,6.1,0.0
2010-03-26,8.4,2.3
2010-03-27,5.4,14.5
2010-03-28,5.0,2.9
2010-03-29,4.5,0.7
2010-03-30,3.5,0.1
2010-03-31,5.5,3.6
2010-04-01,4.5,1.0
2010-04-02,4.2,0.0
2010-04-03,3.2,0.0
2010-04-04,2.1,2.6
2010-04-05,3.9,0.2
2010-04-06,5.2,0.0
2010-04-07,6.5,0.0
2010-04-08,6.1,1.7
2010-04-09,6.6,0.0
2010-04-10,4.7,0.0
2010-04-11,8.1,0.0
2010-04-12,7.1,0.0
2010-04-13,6.6,0.0
2010-04-14,6.5,0.0
2010-04-15,6.5,0.0
2010-04-16,7.3,0.0
2010-04-17,5.9,0.0
2010-04-18,7.2,0.0
2010-04-19,3.9,0.0
2010-04-20,1.6,4.7
2010-04-21,3.2,1.2
2010-04-22,4.1,0.6
2010-04-23,4.3,1.3
2010-04-24,6.1,0.0
2010-04-25,6.4,0.0
2010-04-26,9.9,0.2
2010-04-27,9.0,0.0
2010-04-28,9.6,2.0
2010-04-29,13.6,0.1
2010-04-30,10.9,6.5
2010-05-01,8.7,5.2
2010-05-02,7.6,0.0
2010-05-03,6.4,0.0
2010-05-04,6.4,2.3
2010-05-05,5.4,0.0
2010-05-06,5.0,0.0
2010-05-07,6.0,7.7
2010-05-08,4.6,2.3
2010-05-09,5.8,1.1
2010-05-10,7.2,0.0
2010-05-11,4.8,0.0
2010-05-12,5.4,17.3
2010-05-13,8.1,0.1
2010-05-14,10.7,3.1
2010-05-15,11.2,9.4
2010-05-16,7.7,1.0
2010-05-17,9.1,0.0
2010-05-18,12.8,1.2
2010-05-19,15.8,0.0
2010-05-20,16.5,7.5
2010-05-21,14.8,14.5
2010-05-22,16.2,0.4
2010-05-23,13.7,0.0
2010-05-24,11.6,2.0
2010-05-25,8.8,2.7
2010-05-26,10.3,0.0
2010-05-27,9.6,0.0
2010-05-28,7.6,9.4
2010-05-29,10.1,0.9
2010-05-30,10.3,0.6
2010-05-31,13.2,0.2
2010-06-01,11.9,1.2
2010-06-02,16.9,0.0
2010-06-03,14.4,0.0
2010-06-04,15.6,0.0
2010-06-05,15.0,0.0
2010-06-06,14.3,0.0
2010-06-07,12.7,15.2
2010-06-08,13.5,1.1
2010-06-09,12.1,11.7
2010-06-10,13.0,13.3
2010-06-11,13.9,11.6
2010-06-12,11.8,9.0
2010-06-13,11.5,0.0
2010-06-14,11.8,2.5
2010-06-15,12.0,6.4
2010-06-16,13.1,0.0
2010-06-17,12.2,0.0
2010-06-18,12.8,0.3
2010-06-19,10.5,8.6
2010-06-20,11.2,4.7
2010-06-21,12.8,2.6
2010-06-22,13.1,0.0
2010-06-23,13.9,0.0
2010-06-24,15.9,0.0
2010-06-25,15.6,0.0
2010-06-26,15.2,0.0
2010-06-27,16.2,0.0
2010-06-28,17.4,0.0
2010-06-29,18.6,1.4
2010-06-30,17.0,0.0
2010-07-01,15.9,0.0
2010-07-02,17.7,0.0
2010-07-03,20.5,0.0
2010-07-04,19.7,0.0
2010-07-05,19.3,1.0
2010-07-06,16.5,0.0
2010-07-07,16.0,0.0
2010-07-08,18.0,0.2
2010-07-09,20.7,0.0
2010-07-10,23.8,0.0
2010-07-11,23.9,4.8
2010-07-12,23.1,0.3
2010-07-13,21.9,0.3
2010-07-14,20.8,0.0
2010-07-15,20.5,4.4
2010-07-16,20.0,5.9
2010-07-17,20.2,2.2
2010-07-18,17.2,0.0
2010-07-19,17.5,0.0
2010-07-20,20.5,0.0
2010-07-21,20.2,0.0
2010-07-22,20.6,0.6
2010-07-23,19.2,0.2
2010-07-24,15.2,10.1
2010-07-25,11.9,3.8
2010-07-26,16.9,0.0
2010-07-27,16.9,0.0
2010-07-28,17.4,2.1
2010-07-29,16.6,2.9
2010-07-30,15.0,5.7
2010-07-31,17.7,0.2
2010-08-01,18.5,4.1
2010-08-02,18.6,0.4
2010-08-03,16.8,0.0
2010-08-04,16.2,0.5
2010-08-05,18.2,0.0
2010-08-06,18.7,1.1
2010-08-07,18.7,1.4
2010-08-08,16.2,15.2
2010-08-09,15.8,0.4
2010-08-10,16.4,0.0
2010-08-11,17.4,1.4
2010-08-12,18.5,19.3
2010-08-13,19.1,0.0
2010-08-14,18.4,10.8
2010-08-15,19.3,5.6
2010-08-16,20.1,0.5
2010-08-17,17.7,4.4
2010-08-18,15.8,8.3
2010-08-19,15.3,0.3
2010-08-20,15.4,1.4
2010-08-21,18.8,5.1
2010-08-22,18.0,2.8
2010-08-23,14.5,17.1
2010-08-24,15.4,10.6
2010-08-25,13.2,4.2
2010-08-26,13.5,0.0
2010-08-27,11.4,0.0
2010-08-28,11.9,5.1
2010-08-29,10.8,1.6
2010-08-30,11.3,0.0
2010-08-31,11.0,0.0
2010-09-01,11.7,0.0
2010-09-02,12.2,0.0
2010-09-03,9.6,0.0
2010-09-04,9.9,0.0
2010-09-05,9.8,0.0
2010-09-06,11.9,0.0
2010-09-07,12.2,0.0
2010-09-08,14.1,0.0
2010-09-09,14.1,4.9
2010-09-10,13.1,3.1
2010-09-11,14.0,0.6
2010-09-12,15.7,11.6
2010-09-13,13.7,2.0
2010-09-14,12.9,11.0
2010-09-15,11.5,9.0
2010-09-16,10.7,11.9
2010-09-17,10.7,16.4
2010-09-18,9.9,10.3
2010-09-19,10.4,2.0
2010-09-20,10.9,16.1
2010-09-21,11.1,0.0
2010-09-22,8.6,0.0
2010-09-23,12.9,0.0
2010-09-24,14.3,3.0
2010-09-25,13.6,0.9
2010-09-26,12.4,0.0
2010-09-27,10.6,0.0
2010-09-28,7.1,0.0
2010-09-29,7.0,0.0
2010-09-30,6.4,0.0
2010-10-01,7.3,0.0
2010-10-02,8.2,0.0
2010-10-03,10.5,0.0
2010-10-04,11.1,0.0
2010-10-05,10.0,0.0
2010-10-06,10.5,3.7
2010-10-07,10.0,15.4
2010-10-08,8.5,0.9
2010-10-09,7.9,0.0
2010-10-10,6.4,0.0
2010-10-11,4.3,0.0
2010-10-12,5.3,0.0
2010-10-13,4.3,0.1
2010-10-14,8.2,0.0
2010-10-15,2.2,0.0
2010-10-16,0.6,0.0
2010-10-17,-0.3,0.0
2010-10-18,4.8,6.1
2010-10-19,7.3,4.9
2010-10-20,4.6,15.8
2010-10-21,0.6,5.6
2010-10-22,4.3,12.6
2010-10-23,7.0,7.2
2010-10-24,6.1,4.9
2010-10-25,3.3,1.6
2010-10-26,1.7,0.0
2010-10-27,4.7,9.1
2010-10-28,8.4,5.5
2010-10-29,8.5,0.2
2010-10-30,8.8,1.1
2010-10-31,8.3,0.9
2010-11-01,7.1,0.0
2010-11-02,6.6,9.5
2010-11-03,8.4,7.0
2010-11-04,7.2,5.0
2010-11-05,7.3,4.1
2010-11-06,4.4,3.0
2010-11-07,-0.8,0.0
2010-11-08,-0.9,2.4
2010-11-09,1.0,1.7
2010-11-10,2.0,1.9
2010-11-11,2.7,5.8
2010-11-12,6.2,9.2
2010-11-13,6.9,0.4
2010-11-14,5.1,5.2
2010-11-15,7.1,0.0
2010-11-16,-0.5,0.0
2010-11-17,1.4,0.0
2010-11-18,1.2,0.0
2010-11-19,0.6,11.0
2010-11-20,1.4,2.4
2010-11-21,2.9,6.6
2010-11-22,1.4,21.8
2010-11-23,0.1,11.6
2010-11-24,-2.8,4.5
2010-11-25,-3.7,2.0
2010-11-26,-5.6,0.6
2010-11-27,-6.8,1.2
2010-11-28,-3.3,5.5
2010-11-29,-5.8,0.3
2010-11-30,-10.2,0.0
2010-12-01,-9.1,0.2
2010-12-02,-6.7,1.3
2010-12-03,-8.5,1.0
2010-12-04,-4.3,1.1
2010-12-05,-2.3,7.0
2010-12-06,-1.6,1.6
2010-12-07,-1.2,2.0
2010-12-08,-4.0,0.0
2010-12-09,-5.7,0.8
2010-12-10,-6.3,3.0
2010-12-11,0.3,1.6
2010-12-12,-6.4,0.0
2010-12-13,-7.4,0.0
2010-12-14,-6.7,0.0
2010-12-15,-9.3,0.2
2010-12-16,-4.2,12.9
2010-12-17,-4.9,3.0
2010-12-18,-4.0,4.0
2010-12-19,-7.8,1.2
2010-12-20,-11.2,1.4
2010-12-21,-15.5,0.0
2010-12-22,-16.7,1.6
2010-12-23,-6.3,4.6
2010-12-24,-8.6,0.0
2010-12-25,-12.7,0.0
2010-12-26,-8.5,2.5
2010-12-27,-10.3,0.4
2010-12-28,-8.2,0.0
2010-12-29,-10.7,0.0
2010-12-30,-7.2,1.5
2010-12-31,-3.5,0.9
2011-01-01,-0.3,0.0
2011-01-02,-6.9,0.0
2011-01-03,-9.6,1.2
2011-01-04,-2.1,4.0
2011-01-05,-2.4,3.5
2011-01-06,-1.8,8.7
2011-01-07,-2.1,1.1
2011-01-08,0.4,3.8
2011-01-09,1.1,0.3
2011-01-10,0.5,0.0
2011-01-11,-0.6,5.3
2011-01-12,-0.6,0.0
2011-01-13,-3.6,1.5
2011-01-14,-1.5,10.9
2011-01-15,-0.1,11.5
2011-01-16,3.3,2.1
2011-01-17,3.2,4.5
2011-01-18,1.2,0.4
2011-01-19,0.0,0.0
2011-01-20,-2.8,0.0
2011-01-21,-3.2,0.1
2011-01-22,-1.7,0.0
2011-01-23,-2.0,0.6
2011-01-24,-0.9,2.0
2011-01-25,0.5,1.1
2011-01-26,-6.1,0.0
2011-01-27,-9.1,0.0
2011-01-28,-2.7,0.6
2011-01-29,-0.5,0.3
2011-01-30,-3.9,0.0
2011-01-31,-5.0,0.8
2011-02-01,-0.1,1.7
2011-02-02,1.4,12.1
2011-02-03,2.4,6.5
2011-02-04,1.8,14.3
2011-02-05,4.4,1.1
2011-02-06,1.7,2.1
2011-02-07,2.3,5.4
2011-02-08,3.4,0.0
2011-02-09,0.4,0.1
2011-02-10,1.0,6.2
2011-02-11,0.0,2.8
2011-02-12,-6.7,0.0
2011-02-13,-4.9,0.0
2011-02-14,-5.5,0.1
2011-02-15,-4.5,0.0
2011-02-16,-3.1,0.0
2011-02-17,-2.7,0.0
2011-02-18,-4.1,0.0
2011-02-19,-8.4,0.0
2011-02-20,-9.2,0.0
2011-02-21,-7.3,0.0
2011-02-22,-7.7,0.0
2011-02-23,-8.7,0.0
2011-02-24,-5.8,0.0
2011-02-25,-2.8,0.0
2011-02-26,-1.6,0.0
2011-02-27,-2.2,0.0
2011-02-28,-1.9,0.0
2011-03-01,-1.7,0.0
2011-03-02,-2.2,0.0
2011-03-03,-2.4,0.0
2011-03-04,0.2,0.0
2011-03-05,2.3,0.0
2011-03-06,-1.9,0.0
2011-03-07,-2.1,0.0
2011-03-08,0.0,0.0
2011-03-09,0.6,5.6
2011-03-10,1.8,12.2
2011-03-11,1.2,1.1
2011-03-12,3.1,0.0
2011-03-13,2.5,0.6
2011-03-14,3.8,0.7
2011-03-15,1.0,0.0
2011-03-16,-0.5,0.0
2011-03-17,0.1,16.1
2011-03-18,0.2,0.1
2011-03-19,1.3,0.0
2011-03-20,0.7,0.0
2011-03-21,3.8,0.0
2011-03-22,6.9,0.0
2011-03-23,3.7,0.0
2011-03-24,6.9,0.2
2011-03-25,3.6,0.0
2011-03-26,-0.6,0.0
2011-03-27,-0.4,2.2
2011-03-28,3.3,0.0
2011-03-29,3.5,0.1
2011-03-30,2.5,0.2
2011-03-31,2.7,12.9
2011-04-01,4.5,0.9
2011-04-02,8.0,0.2
2011-04-03,8.4,1.3
2011-04-04,6.3,0.0
2011-04-05,6.1,6.5
2011-04-06,9.0,2.2
2011-04-07,7.7,0.0
2011-04-08,7.5,0.0
2011-04-09,8.0,0.0
2011-04-10,9.2,0.0
2011-04-11,9.7,0.0
2011-04-12,4.6,7.6
2011-04-13,5.9,0.0
2011-04-14,7.1,0.0
2011-04-15,6.2,0.0
2011-04-16,7.8,0.1
2011-04-17,8.7,0.0
2011-04-18,10.6,0.0
2011-04-19,9.2,0.0
2011-04-20,9.4,0.0
2011-04-21,11.1,0.0
2011-04-22,12.4,0.0
2011-04-23,11.9,0.0
2011-04-24,12.0,0.0
2011-04-25,13.1,0.0
2011-04-26,13.2,0.2
2011-04-27,12.6,0.0
2011-04-28,12.1,0.0
2011-04-29,11.3,0.0
2011-04-30,10.3,0.0
2011-05-01,6.2,4.6
2011-05-02,4.1,0.4
2011-05-03,3.2,1.0
2011-05-04,3.9,0.1
2011-05-05,6.1,0.0
2011-05-06,9.1,0.0
2011-05-07,11.0,0.0
2011-05-08,12.3,0.0
2011-05-09,14.1,0.0
2011-05-10,14.7,0.0
2011-05-11,15.1,1.5
2011-05-12,12.7,1.0
2011-05-13,11.4,0.9
2011-05-14,9.9,12.6
2011-05-15,9.2,4.6
2011-05-16,9.7,3.9
2011-05-17,11.2,5.2
2011-05-18,12.0,0.2
2011-05-19,13.8,0.2
2011-05-20,11.2,0.0
2011-05-21,12.8,0.0
2011-05-22,12.4,12.8
2011-05-23,13.3,1.7
2011-05-24,10.6,11.9
2011-05-25,10.2,0.4
2011-05-26,11.0,3.9
2011-05-27,11.0,9.2
2011-05-28,10.6,9.4
2011-05-29,11.4,5.8
2011-05-30,15.8,0.0
2011-05-31,17.8,0.0
2011-06-01,13.3,0.0
2011-06-02,13.4,0.0
2011-06-03,17.4,0.0
2011-06-04,17.8,0.0
2011-06-05,17.8,0.0
2011-06-06,20.6,2.6
2011-06-07,19.1,10.2
2011-06-08,19.2,6.9
2011-06-09,14.8,8.4
2011-06-10,13.6,0.0
2011-06-11,14.7,0.0
2011-06-12,14.1,0.0
2011-06-13,14.0,1.3
2011-06-14,15.2,0.4
2011-06-15,13.2,0.0
2011-06-16,14.3,8.2
2011-06-17,14.6,3.0
2011-06-18,12.9,4.3
2011-06-19,13.9,2.8
2011-06-20,13.1,14.9
2011-06-21,13.5,0.0
2011-06-22,16.1,34.5
2011-06-23,14.4,3.2
2011-06-24,13.1,0.7
2011-06-25,12.5,0.3
2011-06-26,13.4,0.0
2011-06-27,16.7,0.0
2011-06-28,19.1,0.0
2011-06-29,19.0,0.0
2011-06-30,17.9,0.2
2011-07-01,15.7,11.1
2011-07-02,19.4,0.6
2011-07-03,20.8,1.7
2011-07-04,18.9,0.0
2011-07-05,18.1,0.0
2011-07-06,18.1,0.0
2011-07-07,17.8,0.8
2011-07-08,16.2,3.0
2011-07-09,18.3,0.0
2011-07-10,18.0,0.0
2011-07-11,16.6,1.3
2011-07-12,15.2,0.0
2011-07-13,13.7,2.4
2011-07-14,14.4,18.6
2011-07-15,14.2,2.7
2011-07-16,16.5,0.0
2011-07-17,16.0,15.6
2011-07-18,16.8,0.0
2011-07-19,17.1,0.0
2011-07-20,15.5,2.2
2011-07-21,16.0,18.5
2011-07-22,18.5,9.2
2011-07-23,16.9,9.7
2011-07-24,12.9,1.9
2011-07-25,14.1,0.7
2011-07-26,16.5,0.0
2011-07-27,17.0,0.0
2011-07-28,17.1,3.4
2011-07-29,18.7,2.0
2011-07-30,18.0,3.5
2011-07-31,19.4,0.5
2011-08-01,19.1,0.0
2011-08-02,18.6,1.7
2011-08-03,18.4,0.0
2011-08-04,17.3,0.4
2011-08-05,17.5,19.9
2011-08-06,17.5,21.0
2011-08-07,16.9,4.5
2011-08-08,14.6,8.5
2011-08-09,14.3,5.5
2011-08-10,13.4,3.7
2011-08-11,11.9,1.6
2011-08-12,14.3,0.0
2011-08-13,14.4,0.0
2011-08-14,16.3,19.5
2011-08-15,16.3,2.0
2011-08-16,14.8,0.0
2011-08-17,15.6,5.4
2011-08-18,14.5,1.8
2011-08-19,13.2,2.9
2011-08-20,15.5,0.0
2011-08-21,16.0,0.3
2011-08-22,16.3,0.1
2011-08-23,14.0,0.4
2011-08-24,15.8,0.7
2011-08-25,17.2,1.8
2011-08-26,18.6,1.3
2011-08-27,17.5,11.8
2011-08-28,13.7,2.9
2011-08-29,12.4,9.6
2011-08-30,12.9,8.6
2011-08-31,12.1,15.0
2011-09-01,13.6,1.5
2011-09-02,12.8,0.0
2011-09-03,12.6,0.0
2011-09-04,17.4,0.5
2011-09-05,15.6,4.8
2011-09-06,14.2,10.7
2011-09-07,12.7,7.6
2011-09-08,11.4,9.0
2011-09-09,12.3,0.0
2011-09-10,13.4,0.0
2011-09-11,16.7,14.5
2011-09-12,15.0,5.1
2011-09-13,14.7,0.5
2011-09-14,12.9,12.6
2011-09-15,11.3,2.9
2011-09-16,10.3,0.0
2011-09-17,8.6,0.2
2011-09-18,12.5,16.9
2011-09-19,12.5,0.9
2011-09-20,13.0,3.1
2011-09-21,13.9,8.4
2011-09-22,11.8,5.0
2011-09-23,11.2,3.0
2011-09-24,11.6,0.2
2011-09-25,11.7,0.0
2011-09-26,13.5,0.5
2011-09-27,11.6,0.0
2011-09-28,11.8,0.0
2011-09-29,14.7,0.0
2011-09-30,13.8,0.0
2011-10-01,14.5,0.0
2011-10-02,12.5,0.6
2011-10-03,14.7,0.3
2011-10-04,14.1,0.0
2011-10-05,12.7,2.7
2011-10-06,11.4,17.8
2011-10-07,9.1,2.4
2011-10-08,8.0,0.0
2011-10-09,5.7,5.6
2011-10-10,9.6,10.3
2011-10-11,9.2,7.2
2011-10-12,8.5,0.1
2011-10-13,4.4,0.0
2011-10-14,2.1,0.0
2011-10-15,3.4,0.0
2011-10-16,3.9,0.0
2011-10-17,5.5,0.2
2011-10-18,7.0,13.4
2011-10-19,7.9,8.4
2011-10-20,5.6,4.3
2011-10-21,5.8,0.6
2011-10-22,7.6,0.0
2011-10-23,5.2,0.0
2011-10-24,6.1,0.0
2011-10-25,8.2,0.4
2011-10-26,7.8,7.4
2011-10-27,7.4,0.2
2011-10-28,9.0,0.0
2011-10-29,6.2,0.5
2011-10-30,10.1,0.7
2011-10-31,10.5,0.2
2011-11-01,10.6,0.0
2011-11-02,8.6,0.3
2011-11-03,7.5,0.0
2011-11-04,8.3,0.0
2011-11-05,7.7,0.0
2011-11-06,8.1,0.0
2011-11-07,7.1,0.1
2011-11-08,5.7,0.0
2011-11-09,5.2,0.2
2011-11-10,6.0,0.0
2011-11-11,4.5,0.0
2011-11-12,2.5,0.0
2011-11-13,1.0,0.0
2011-11-14,3.4,0.0
2011-11-15,0.6,0.0
2011-11-16,-1.0,0.0
2011-11-17,1.8,0.0
2011-11-18,3.7,0.6
2011-11-19,7.0,3.2
2011-11-20,7.2,0.2
2011-11-21,4.3,0.3
2011-11-22,5.0,0.0
2011-11-23,3.9,0.0
2011-11-24,7.2,1.8
2011-11-25,6.8,8.2
2011-11-26,5.8,9.4
2011-11-27,8.4,7.5
2011-11-28,5.9,0.0
2011-11-29,4.6,0.6
2011-11-30,6.2,0.0
2011-12-01,5.9,3.1
2011-12-02,3.6,5.1
2011-12-03,4.3,14.0
2011-12-04,3.2,5.3
2011-12-05,1.6,4.0
2011-12-06,1.3,1.5
2011-12-07,1.7,1.2
2011-12-08,1.3,14.4
2011-12-09,4.1,8.0
2011-12-10,2.6,8.2
2011-12-11,3.8,0.4
2011-12-12,2.5,2.0
2011-12-13,4.2,7.7
2011-12-14,3.4,3.0
2011-12-15,3.1,2.9
2011-12-16,2.8,3.2
2011-12-17,2.0,0.7
2011-12-18,0.6,0.5
2011-12-19,2.7,0.0
2011-12-20,0.5,1.2
2011-12-21,-0.2,0.2
2011-12-22,0.9,0.6
2011-12-23,5.5,4.7
2011-12-24,3.0,4.8
2011-12-25,5.4,1.9
2011-12-26,8.2,1.0
2011-12-27,6.4,1.3
2011-12-28,2.3,3.8
2011-12-29,4.3,2.0
2011-12-30,0.6,0.7
2011-12-31,-2.9,0.0
2012-01-01,3.1,15.3
2012-01-02,4.9,0.7
2012-01-03,2.3,15.2
2012-01-04,4.4,14.0
2012-01-05,2.1,4.1
2012-01-06,-1.0,1.6
2012-01-07,2.7,2.7
2012-01-08,0.9,0.1
2012-01-09,-0.8,6.5
2012-01-10,1.5,0.9
2012-01-11,4.2,3.8
2012-01-12,4.3,7.1
2012-01-13,2.1,0.0
2012-01-14,-0.5,0.0
2012-01-15,-2.4,0.0
2012-01-16,0.3,0.0
2012-01-17,0.4,0.0
2012-01-18,1.2,5.1
2012-01-19,1.7,8.4
2012-01-20,-0.3,1.3
2012-01-21,-1.1,9.8
2012-01-22,-0.8,0.0
2012-01-23,-3.7,0.0
2012-01-24,-7.1,0.0
2012-01-25,-5.0,0.0
2012-01-26,-4.6,0.1
2012-01-27,-2.4,0.0
2012-01-28,-3.5,0.3
2012-01-29,-2.6,0.0
2012-01-30,-4.0,0.0
2012-01-31,-5.0,0.0
2012-02-01,-7.1,0.0
2012-02-02,-10.5,0.0
2012-02-03,-12.2,0.0
2012-02-04,-13.7,0.0
2012-02-05,-12.2,0.0
2012-02-06,-11.7,0.0
2012-02-07,-10.1,0.0
2012-02-08,-4.3,0.1
2012-02-09,-4.7,0.0
2012-02-10,-7.8,0.0
2012-02-11,-9.3,3.4
2012-02-12,-3.3,1.4
2012-02-13,-7.3,0.0
2012-02-14,-2.6,7.3
2012-02-15,-0.8,0.0
2012-02-16,-5.1,2.6
2012-02-17,0.4,0.0
2012-02-18,1.4,13.0
2012-02-19,0.9,1.5
2012-02-20,-0.2,7.5
2012-02-21,1.9,2.5
2012-02-22,3.6,19.4
2012-02-23,4.0,2.2
2012-02-24,5.2,0.0
2012-02-25,3.5,0.0
2012-02-26,-0.8,0.0
2012-02-27,-2.1,3.2
2012-02-28,5.6,0.3
2012-02-29,5.6,0.2
2012-03-01,5.2,0.0
2012-03-02,3.4,0.0
2012-03-03,0.4,0.0
2012-03-04,-0.1,0.0
2012-03-05,-0.2,0.0
2012-03-06,-1.5,0.0
2012-03-07,-1.4,2.8
2012-03-08,-0.2,2.7
2012-03-09,1.6,3.2
2012-03-10,5.3,0.8
2012-03-11,4.0,0.0
2012-03-12,6.3,0.0
2012-03-13,6.1,0.0
2012-03-14,5.9,0.0
2012-03-15,3.0,0.0
2012-03-16,6.9,0.0
2012-03-17,5.5,2.5
2012-03-18,5.8,2.3
2012-03-19,3.9,1.7
2012-03-20,6.0,1.6
2012-03-21,8.0,0.0
2012-03-22,6.0,0.0
2012-03-23,6.8,0.0
2012-03-24,4.3,0.0
2012-03-25,6.4,0.0
2012-03-26,5.0,0.0
2012-03-27,9.8,0.0
2012-03-28,7.7,0.0
2012-03-29,6.9,0.0
2012-03-30,5.3,0.1
2012-03-31,2.3,0.0
2012-04-01,0.8,5.3
2012-04-02,0.2,0.0
2012-04-03,-0.4,0.0
2012-04-04,1.5,0.0
2012-04-05,1.3,0.0
2012-04-06,2.8,7.3
2012-04-07,0.0,0.0
2012-04-08,0.6,0.0
2012-04-09,2.2,3.1
2012-04-10,6.1,6.2
2012-04-11,6.6,3.6
2012-04-12,6.1,2.5
2012-04-13,6.2,6.2
2012-04-14,6.2,0.0
2012-04-15,4.6,0.7
2012-04-16,3.6,2.7
2012-04-17,3.5,0.4
2012-04-18,4.8,0.0
2012-04-19,7.0,0.2
2012-04-20,4.6,1.7
2012-04-21,6.5,2.4
2012-04-22,5.8,7.2
2012-04-23,6.2,3.3
2012-04-24,8.4,1.4
2012-04-25,8.1,8.2
2012-04-26,8.2,3.4
2012-04-27,10.7,1.6
2012-04-28,8.7,0.5
2012-04-29,10.4,0.1
2012-04-30,12.4,0.0
2012-05-01,12.4,0.0
2012-05-02,11.7,0.0
2012-05-03,12.8,0.0
2012-05-04,9.6,0.2
2012-05-05,7.4,0.0
2012-05-06,5.6,0.0
2012-05-07,5.8,0.0
2012-05-08,6.6,0.6
2012-05-09,12.7,2.4
2012-05-10,13.7,8.6
2012-05-11,13.9,1.1
2012-05-12,7.9,5.2
2012-05-13,8.3,0.0
2012-05-14,9.4,0.0
2012-05-15,11.4,0.1
2012-05-16,9.9,4.4
2012-05-17,7.1,3.2
2012-05-18,8.9,0.0
2012-05-19,11.2,1.2
2012-05-20,15.3,0.0
2012-05-21,19.0,0.0
2012-05-22,20.6,0.0
2012-05-23,19.4,0.0
2012-05-24,16.7,0.0
2012-05-25,16.3,0.0
2012-05-26,15.4,1.7
2012-05-27,14.8,0.0
2012-05-28,16.6,0.0
2012-05-29,10.3,2.2
2012-05-30,10.1,0.0
2012-05-31,9.5,0.0
2012-06-01,8.7,5.3
2012-06-02,8.5,2.8
2012-06-03,9.1,0.0
2012-06-04,8.9,0.9
2012-06-05,9.9,0.4
2012-06-06,9.6,1.3
2012-06-07,10.7,0.0
2012-06-08,10.9,9.7
2012-06-09,12.8,0.4
2012-06-10,12.8,1.9
2012-06-11,12.7,1.4
2012-06-12,13.5,0.0
2012-06-13,13.8,0.5
2012-06-14,10.7,0.6
2012-06-15,12.9,4.9
2012-06-16,15.4,6.5
2012-06-17,13.8,2.9
2012-06-18,14.0,4.1
2012-06-19,13.7,0.0
2012-06-20,14.0,0.0
2012-06-21,16.3,0.0
2012-06-22,14.2,4.7
2012-06-23,12.7,4.8
2012-06-24,11.9,28.3
2012-06-25,11.3,11.7
2012-06-26,14.3,0.9
2012-06-27,13.1,0.0
2012-06-28,14.8,0.0
2012-06-29,14.8,5.4
2012-06-30,17.8,0.0
2012-07-01,16.9,0.0
2012-07-02,14.9,0.0
2012-07-03,15.3,0.0
2012-07-04,17.2,0.0
2012-07-05,17.6,0.0
2012-07-06,18.6,0.0
2012-07-07,18.3,5.4
2012-07-08,19.8,1.6
2012-07-09,17.1,4.0
2012-07-10,14.5,3.2
2012-07-11,14.3,12.9
2012-07-12,14.2,9.3
2012-07-13,14.4,2.9
2012-07-14,14.9,8.9
2012-07-15,13.9,1.1
2012-07-16,13.2,8.1
2012-07-17,13.4,2.5
2012-07-18,14.1,6.8
2012-07-19,13.1,18.6
2012-07-20,14.4,2.5
2012-07-21,13.4,5.7
2012-07-22,13.8,0.0
2012-07-23,17.7,0.0
2012-07-24,19.9,0.0
2012-07-25,20.0,0.0
2012-07-26,19.0,0.0
2012-07-27,18.6,0.0
2012-07-28,19.2,1.5
2012-07-29,13.8,1.7
2012-07-30,14.4,4.6
2012-07-31,13.1,3.2
2012-08-01,13.9,0.0
2012-08-02,18.1,0.4
2012-08-03,17.9,0.0
2012-08-04,16.3,0.0
2012-08-05,16.1,1.8
2012-08-06,16.2,9.5
2012-08-07,15.1,8.4
2012-08-08,14.6,4.8
2012-08-09,14.6,0.7
2012-08-10,12.4,2.7
2012-08-11,13.8,0.0
2012-08-12,15.4,0.2
2012-08-13,15.5,0.0
2012-08-14,14.5,0.0
2012-08-15,15.9,0.0
2012-08-16,16.1,0.0
2012-08-17,16.9,0.0
2012-08-18,17.7,0.4
2012-08-19,20.6,0.2
2012-08-20,19.1,0.0
2012-08-21,18.0,0.1
2012-08-22,15.1,11.5
2012-08-23,15.5,2.3
2012-08-24,14.5,2.0
2012-08-25,14.1,1.3
2012-08-26,15.6,6.7
2012-08-27,14.3,0.0
2012-08-28,12.1,1.5
2012-08-29,15.3,0.3
2012-08-30,15.2,10.4
2012-08-31,14.2,0.2
2012-09-01,14.1,0.0
2012-09-02,14.6,1.1
2012-09-03,14.9,0.0
2012-09-04,14.8,0.7
2012-09-05,13.6,0.1
2012-09-06,12.0,13.0
2012-09-07,13.5,0.5
2012-09-08,13.5,0.4
2012-09-09,12.8,0.0
2012-09-10,17.9,0.1
2012-09-11,15.7,4.4
2012-09-12,10.8,2.8
2012-09-13,9.8,0.4
2012-09-14,11.1,8.0
2012-09-15,12.5,0.5
2012-09-16,13.4,0.0
2012-09-17,13.7,0.4
2012-09-18,12.2,4.3
2012-09-19,9.3,4.9
2012-09-20,9.1,10.0
2012-09-21,10.1,12.3
2012-09-22,8.9,3.9
2012-09-23,9.0,0.7
2012-09-24,8.4,11.3
2012-09-25,10.6,9.0
2012-09-26,10.5,7.9
2012-09-27,11.6,3.6
2012-09-28,10.4,0.3
2012-09-29,9.8,6.4
2012-09-30,10.7,4.6
2012-10-01,12.2,0.7
2012-10-02,12.0,2.7
2012-10-03,12.1,4.4
2012-10-04,9.5,1.9
2012-10-05,7.7,18.0
2012-10-06,7.8,1.6
2012-10-07,8.6,2.6
2012-10-08,9.1,7.6
2012-10-09,5.8,2.9
2012-10-10,4.7,0.6
2012-10-11,3.4,0.0
2012-10-12,3.4,3.0
2012-10-13,5.8,13.3
2012-10-14,7.1,8.9
2012-10-15,5.9,7.5
2012-10-16,7.4,1.4
2012-10-17,9.3,0.4
2012-10-18,11.9,0.3
2012-10-19,11.4,0.1
2012-10-20,11.2,0.0
2012-10-21,9.9,0.0
2012-10-22,7.8,0.4
2012-10-23,6.6,0.0
2012-10-24,6.7,0.9
2012-10-25,5.0,1.4
2012-10-26,0.9,2.6
2012-10-27,-0.5,0.0
2012-10-28,-1.2,0.0
2012-10-29,2.5,10.7
2012-10-30,2.8,0.0
2012-10-31,3.5,0.0
2012-11-01,5.7,10.0
2012-11-02,5.7,0.6
2012-11-03,4.0,5.9
2012-11-04,3.6,6.1
2012-11-05,2.8,5.9
2012-11-06,3.7,3.3
2012-11-07,5.3,6.0
2012-11-08,7.7,4.5
2012-11-09,6.6,0.9
2012-11-10,6.4,4.5
2012-11-11,6.7,0.2
2012-11-12,4.9,0.4
2012-11-13,4.3,0.5
2012-11-14,7.3,0.1
2012-11-15,6.9,0.7
2012-11-16,5.7,0.1
2012-11-17,3.2,0.0
2012-11-18,3.8,0.7
2012-11-19,1.8,0.1
2012-11-20,5.3,0.0
2012-11-21,5.4,0.5
2012-11-22,5.9,0.9
2012-11-23,4.9,1.8
2012-11-24,4.5,0.0
2012-11-25,3.4,14.6
2012-11-26,6.2,3.7
2012-11-27,4.3,0.8
2012-11-28,2.3,0.5
2012-11-29,0.5,0.0
2012-11-30,-1.7,0.0
2012-12-01,-5.2,3.4
2012-12-02,-5.9,1.7
2012-12-03,-7.7,6.7
2012-12-04,-3.3,2.5
2012-12-05,-6.1,0.6
2012-12-06,-8.9,1.2
2012-12-07,-6.2,2.2
2012-12-08,-10.1,0.0
2012-12-09,-5.4,7.1
2012-12-10,-3.1,0.8
2012-12-11,-5.0,0.0
2012-12-12,-11.3,0.0
2012-12-13,-13.3,0.0
2012-12-14,-6.2,5.4
2012-12-15,0.3,3.2
2012-12-16,1.8,1.4
2012-12-17,2.0,2.4
2012-12-18,0.2,0.1
2012-12-19,-1.7,0.0
2012-12-20,-1.4,0.0
2012-12-21,-1.7,0.5
2012-12-22,-2.8,0.2
2012-12-23,-2.5,14.2
2012-12-24,2.0,8.7
2012-12-25,2.7,2.3
2012-12-26,3.4,6.8
2012-12-27,1.3,2.0
2012-12-28,-2.4,3.4
2012-12-29,2.7,2.2
2012-12-30,4.1,4.3
2012-12-31,5.2,12.6
2013-01-01,4.3,2.7
2013-01-02,3.0,4.2
2013-01-03,5.1,0.4
2013-01-04,4.9,0.3
2013-01-05,0.5,0.2
2013-01-06,2.0,0.3
2013-01-07,-0.2,0.9
2013-01-08,2.7,0.7
2013-01-09,3.2,9.8
2013-01-10,-1.2,0.8
2013-01-11,-2.9,0.4
2013-01-12,-3.5,0.0
2013-01-13,-3.7,0.6
2013-01-14,-3.5,4.4
2013-01-15,-7.0,0.9
2013-01-16,-12.6,0.0
2013-01-17,-8.9,0.0
2013-01-18,-6.5,0.3
2013-01-19,-9.3,0.0
2013-01-20,-10.4,0.0
2013-01-21,-5.7,0.2
2013-01-22,-4.7,0.0
2013-01-23,-6.7,0.0
2013-01-24,-10.6,0.0
2013-01-25,-11.9,0.0
2013-01-26,-5.4,0.2
2013-01-27,-2.1,5.6
2013-01-28,1.1,0.9
2013-01-29,1.8,7.0
2013-01-30,4.1,8.4
2013-01-31,3.3,0.5
2013-02-01,0.0,2.2
2013-02-02,-3.0,0.0
2013-02-03,-3.7,0.6
2013-02-04,0.8,4.9
2013-02-05,0.3,3.8
2013-02-06,-0.6,1.7
2013-02-07,-1.5,0.9
2013-02-08,-1.2,1.9
2013-02-09,-4.3,1.4
2013-02-10,-4.1,0.0
2013-02-11,-3.8,0.4
2013-02-12,-4.9,1.9
2013-02-13,-3.1,0.0
2013-02-14,-2.5,0.0
2013-02-15,-0.3,0.0
2013-02-16,-0.2,0.2
2013-02-17,-1.2,2.8
2013-02-18,0.0,10.0
2013-02-19,-1.8,0.1
2013-02-20,-2.8,0.0
2013-02-21,-3.8,0.0
2013-02-22,-6.1,0.0
2013-02-23,-3.5,0.4
2013-02-24,-0.8,0.4
2013-02-25,0.6,0.0
2013-02-26,-0.4,0.0
2013-02-27,-0.9,0.0
2013-02-28,0.7,0.0
2013-03-01,1.4,0.0
2013-03-02,-0.1,0.2
2013-03-03,1.5,0.0
2013-03-04,-0.5,0.0
2013-03-05,0.7,0.0
2013-03-06,2.5,0.0
2013-03-07,1.7,0.0
2013-03-08,-0.8,0.0
2013-03-09,-2.4,0.0
2013-03-10,-5.0,0.0
2013-03-11,-6.4,0.0
2013-03-12,-6.4,0.7
2013-03-13,-3.6,4.1
2013-03-14,-4.5,0.7
2013-03-15,-5.7,0.0
2013-03-16,-4.7,0.0
2013-03-17,-0.9,0.0
2013-03-18,-2.3,0.0
2013-03-19,-3.0,0.1
2013-03-20,-3.4,0.6
2013-03-21,-3.9,0.9
2013-03-22,-6.2,0.2
2013-03-23,-5.6,0.0
2013-03-24,-3.9,0.0
2013-03-25,-2.6,0.0
2013-03-26,-1.8,0.0
2013-03-27,-2.4,0.0
2013-03-28,-1.2,0.1
2013-03-29,-1.1,1.4
2013-03-30,-0.5,0.0
2013-03-31,-1.5,0.0
2013-04-01,-0.8,0.0
2013-04-02,-0.5,0.0
2013-04-03,0.2,0.0
2013-04-04,0.6,0.0
2013-04-05,1.9,0.0
2013-04-06,1.1,0.1
2013-04-07,2.0,0.0
2013-04-08,0.4,0.0
2013-04-09,0.1,0.0
2013-04-10,1.5,0.0
2013-04-11,2.0,2.7
2013-04-12,3.0,2.2
2013-04-13,3.2,0.0
2013-04-14,6.4,0.5
2013-04-15,10.9,4.0
2013-04-16,11.0,0.0
2013-04-17,9.9,3.2
2013-04-18,10.3,0.5
2013-04-19,7.2,0.0
2013-04-20,6.5,0.0
2013-04-21,5.7,0.0
2013-04-22,7.1,0.4
2013-04-23,8.5,0.1
2013-04-24,9.2,4.3
2013-04-25,7.5,9.9
2013-04-26,6.9,0.0
2013-04-27,6.3,2.1
2013-04-28,7.0,0.0
2013-04-29,7.3,1.0
2013-04-30,7.3,0.0
2013-05-01,6.9,0.0
2013-05-02,5.8,0.0
2013-05-03,6.9,0.0
2013-05-04,10.1,0.0
2013-05-05,11.1,0.0
2013-05-06,11.8,0.0
2013-05-07,13.3,0.7
2013-05-08,14.0,1.9
2013-05-09,14.4,1.9
2013-05-10,12.3,0.1
2013-05-11,10.4,1.1
2013-05-12,11.4,0.4
2013-05-13,9.9,1.5
2013-05-14,9.0,1.3
2013-05-15,11.8,0.0
2013-05-16,16.4,0.0
2013-05-17,19.4,0.0
2013-05-18,20.8,0.0
2013-05-19,14.4,13.0
2013-05-20,15.3,0.3
2013-05-21,13.8,10.9
2013-05-22,12.1,5.8
2013-05-23,9.7,0.0
2013-05-24,11.0,4.2
2013-05-25,14.8,0.0
2013-05-26,12.9,6.7
2013-05-27,12.7,1.3
2013-05-28,15.5,2.3
2013-05-29,13.9,0.0
2013-05-30,16.9,0.0
2013-05-31,17.7,0.0
2013-06-01,16.2,2.9
2013-06-02,14.8,0.0
2013-06-03,15.8,0.0
2013-06-04,15.0,0.0
2013-06-05,13.0,0.0
2013-06-06,14.7,0.0
2013-06-07,15.5,0.0
2013-06-08,13.5,0.0
2013-06-09,13.1,0.0
2013-06-10,14.3,0.0
2013-06-11,15.2,0.0
2013-06-12,15.1,0.9
2013-06-13,15.6,14.9
2013-06-14,13.7,5.5
2013-06-15,13.0,9.1
2013-06-16,11.8,6.3
2013-06-17,14.9,0.0
2013-06-18,16.6,0.1
2013-06-19,14.8,4.4
2013-06-20,20.3,0.0
2013-06-21,19.5,2.0
2013-06-22,16.6,1.4
2013-06-23,16.5,2.2
2013-06-24,15.7,0.1
2013-06-25,13.9,4.0
2013-06-26,13.3,11.3
2013-06-27,13.9,0.3
2013-06-28,13.0,2.6
2013-06-29,12.9,10.6
2013-06-30,12.0,9.3
2013-07-01,13.5,0.7
2013-07-02,12.9,0.0
2013-07-03,13.5,0.1
2013-07-04,17.7,0.0
2013-07-05,16.4,0.0
2013-07-06,16.2,0.0
2013-07-07,16.5,0.0
2013-07-08,18.0,0.0
2013-07-09,17.6,0.0
2013-07-10,15.5,0.0
2013-07-11,16.3,0.0
2013-07-12,16.5,0.0
2013-07-13,17.1,0.0
2013-07-14,15.7,0.0
2013-07-15,15.1,0.0
2013-07-16,17.7,0.0
2013-07-17,18.5,0.0
2013-07-18,17.9,0.0
2013-07-19,19.5,0.0
2013-07-20,17.8,0.0
2013-07-21,18.1,0.0
2013-07-22,18.8,0.0
2013-07-23,18.2,0.0
2013-07-24,18.7,0.0
2013-07-25,16.3,3.1
2013-07-26,19.3,0.0
2013-07-27,18.7,7.2
2013-07-28,21.7,0.8
2013-07-29,19.8,4.1
2013-07-30,17.7,7.7
2013-07-31,16.1,2.3
2013-08-01,16.5,0.0
2013-08-02,20.6,0.0
2013-08-03,21.4,0.0
2013-08-04,18.3,0.0
2013-08-05,18.6,0.0
2013-08-06,21.2,0.0
2013-08-07,18.6,0.3
2013-08-08,17.5,19.3
2013-08-09,16.9,0.0
2013-08-10,16.3,4.7
2013-08-11,14.9,6.4
2013-08-12,14.3,11.1
2013-08-13,12.9,25.1
2013-08-14,13.1,3.1
2013-08-15,14.8,0.0
2013-08-16,15.6,3.8
2013-08-17,16.9,1.7
2013-08-18,17.0,1.2
2013-08-19,14.6,0.0
2013-08-20,13.4,0.0
2013-08-21,14.3,1.0
2013-08-22,15.7,0.0
2013-08-23,14.9,0.0
2013-08-24,13.9,0.0
2013-08-25,14.3,0.0
2013-08-26,14.4,0.0
2013-08-27,14.9,0.0
2013-08-28,14.8,0.0
2013-08-29,13.9,0.0
2013-08-30,15.1,3.0
2013-08-31,15.3,2.5
2013-09-01,12.6,13.0
2013-09-02,14.0,5.5
2013-09-03,12.8,0.0
2013-09-04,14.0,0.0
2013-09-05,14.3,0.0
2013-09-06,16.3,0.0
2013-09-07,16.4,0.0
2013-09-08,15.5,0.0
2013-09-09,15.4,7.9
2013-09-10,13.4,7.4
2013-09-11,13.2,5.8
2013-09-12,13.8,0.0
2013-09-13,12.9,0.0
2013-09-14,13.1,1.5
2013-09-15,13.3,7.7
2013-09-16,11.0,3.5
2013-09-17,8.5,0.5
2013-09-18,8.6,2.5
2013-09-19,9.3,0.8
2013-09-20,9.1,0.0
2013-09-21,9.0,0.1
2013-09-22,12.8,6.8
2013-09-23,11.8,0.0
2013-09-24,8.7,0.0
2013-09-25,5.9,0.0
2013-09-26,6.5,0.0
2013-09-27,5.1,0.0
2013-09-28,5.5,0.0
2013-09-29,6.3,0.0
2013-09-30,7.4,0.0
2013-10-01,7.6,0.4
2013-10-02,5.3,0.0
2013-10-03,6.6,0.0
2013-10-04,7.9,4.7
2013-10-05,10.8,0.5
2013-10-06,12.1,0.0
2013-10-07,12.1,0.0
2013-10-08,12.0,0.1
2013-10-09,12.2,1.3
2013-10-10,10.6,0.2
2013-10-11,10.4,0.0
2013-10-12,8.0,0.0
2013-10-13,9.8,16.9
2013-10-14,8.3,0.3
2013-10-15,7.7,0.0
2013-10-16,6.4,0.0
2013-10-17,8.5,4.9
2013-10-18,3.5,0.0
2013-10-19,2.6,7.8
2013-10-20,6.8,11.3
2013-10-21,8.2,11.2
2013-10-22,12.6,0.5
2013-10-23,13.4,0.9
2013-10-24,10.3,0.9
2013-10-25,9.4,2.0
2013-10-26,12.8,0.5
2013-10-27,12.7,5.0
2013-10-28,11.1,14.9
2013-10-29,9.8,2.7
2013-10-30,7.9,5.0
2013-10-31,8.5,8.7
2013-11-01,9.2,1.3
2013-11-02,7.7,1.1
2013-11-03,7.1,2.6
2013-11-04,5.5,7.3
2013-11-05,5.8,2.7
2013-11-06,3.9,0.4
2013-11-07,4.8,2.1
2013-11-08,5.4,0.0
2013-11-09,6.5,9.9
2013-11-10,4.5,1.4
2013-11-11,3.1,0.7
2013-11-12,5.6,6.2
2013-11-13,5.6,0.2
2013-11-14,4.7,0.0
2013-11-15,4.3,0.2
2013-11-16,8.6,0.0
2013-11-17,5.1,0.0
2013-11-18,3.8,1.2
2013-11-19,5.0,1.3
2013-11-20,0.5,8.8
2013-11-21,1.6,0.0
2013-11-22,2.1,0.1
2013-11-23,2.2,0.1
2013-11-24,1.4,0.0
2013-11-25,-2.1,0.0
2013-11-26,-2.7,2.7
2013-11-27,5.7,1.3
2013-11-28,5.7,0.0
2013-11-29,1.4,3.3
2013-11-30,1.2,1.0
2013-12-01,5.5,0.0
2013-12-02,-0.4,0.0
2013-12-03,4.5,5.2
2013-12-04,5.1,4.4
2013-12-05,3.6,14.5
2013-12-06,0.6,0.0
2013-12-07,-3.1,0.3
2013-12-08,-1.0,16.6
2013-12-09,0.7,1.4
2013-12-10,4.6,0.4
2013-12-11,5.2,0.1
2013-12-12,2.6,0.4
2013-12-13,3.9,5.7
2013-12-14,3.8,1.2
2013-12-15,5.0,2.0
2013-12-16,6.2,2.1
2013-12-17,5.0,2.8
2013-12-18,2.8,0.5
2013-12-19,4.4,3.0
2013-12-20,3.1,4.0
2013-12-21,4.9,6.7
2013-12-22,5.3,2.7
2013-12-23,3.7,9.3
2013-12-24,6.9,5.4
2013-12-25,6.3,0.7
2013-12-26,1.2,4.3
2013-12-27,3.5,8.8
2013-12-28,4.8,3.5
2013-12-29,3.7,1.9
2013-12-30,3.7,0.5
2013-12-31,2.3,0.0
2014-01-01,1.5,0.0
2014-01-02,3.2,5.3
2014-01-03,4.6,3.0
2014-01-04,3.8,0.4
2014-01-05,3.9,1.5
2014-01-06,3.6,7.0
2014-01-07,6.8,4.5
2014-01-08,6.6,2.3
2014-01-09,6.0,17.2
2014-01-10,4.0,2.7
2014-01-11,4.2,9.3
2014-01-12,0.4,0.1
2014-01-13,-5.8,2.5
2014-01-14,0.2,0.0
2014-01-15,-0.4,0.0
2014-01-16,-0.4,2.3
2014-01-17,-2.2,6.1
2014-01-18,-2.0,0.8
2014-01-19,-2.0,0.0
2014-01-20,-2.3,0.0
2014-01-21,-2.9,0.0
2014-01-22,-4.3,0.0
2014-01-23,-3.8,0.0
2014-01-24,-4.3,0.0
2014-01-25,-4.8,0.0
2014-01-26,-5.2,1.5
2014-01-27,-4.0,3.3
2014-01-28,-2.1,5.7
2014-01-29,-4.2,3.1
2014-01-30,-4.9,2.8
2014-01-31,-4.1,2.6
2014-02-01,0.2,1.0
2014-02-02,1.5,0.0
2014-02-03,-0.6,0.0
2014-02-04,-0.1,0.0
2014-02-05,-0.6,0.0
2014-02-06,1.3,0.2
2014-02-07,2.5,11.7
2014-02-08,3.2,9.2
2014-02-09,3.4,3.8
2014-02-10,2.5,0.0
2014-02-11,0.9,5.0
2014-02-12,2.0,1.1
2014-02-13,1.8,4.3
2014-02-14,2.1,1.5
2014-02-15,3.3,5.5
2014-02-16,4.0,4.5
2014-02-17,3.7,0.0
2014-02-18,2.6,1.9
2014-02-19,3.6,1.0
2014-02-20,4.4,4.2
2014-02-21,4.7,7.0
2014-02-22,3.8,0.4
2014-02-23,5.2,0.0
2014-02-24,4.6,0.0
2014-02-25,2.7,0.0
2014-02-26,2.9,0.4
2014-02-27,3.1,0.8
2014-02-28,3.2,2.2
2014-03-01,3.1,0.1
2014-03-02,2.0,2.1
2014-03-03,2.4,0.0
2014-03-04,3.7,0.0
2014-03-05,2.7,0.0
2014-03-06,3.4,0.0
2014-03-07,5.3,1.9
2014-03-08,4.5,0.0
2014-03-09,7.4,0.0
2014-03-10,7.9,0.0
2014-03-11,4.2,0.0
2014-03-12,3.8,0.0
2014-03-13,4.4,0.0
2014-03-14,4.4,10.8
2014-03-15,5.3,0.2
2014-03-16,5.9,2.2
2014-03-17,6.4,2.7
2014-03-18,5.6,2.9
2014-03-19,6.6,4.4
2014-03-20,10.0,0.4
2014-03-21,7.9,0.5
2014-03-22,4.7,1.1
2014-03-23,4.8,0.8
2014-03-24,2.6,0.0
2014-03-25,1.7,9.6
2014-03-26,3.5,0.0
2014-03-27,3.1,1.8
2014-03-28,7.7,0.0
2014-03-29,5.9,0.0
2014-03-30,6.1,0.0
2014-03-31,5.2,0.0
2014-04-01,3.5,0.0
2014-04-02,2.2,5.3
2014-04-03,4.5,0.0
2014-04-04,2.2,0.0
2014-04-05,3.5,0.6
2014-04-06,8.6,1.8
2014-04-07,10.5,1.7
2014-04-08,9.5,15.2
2014-04-09,4.9,3.3
2014-04-10,5.2,0.7
2014-04-11,5.9,2.2
2014-04-12,5.9,4.7
2014-04-13,7.4,3.3
2014-04-14,6.8,3.2
2014-04-15,6.3,0.0
2014-04-16,5.8,0.0
2014-04-17,6.9,11.3
2014-04-18,6.8,0.5
2014-04-19,10.0,0.0
2014-04-20,12.9,0.0
2014-04-21,12.8,1.7
2014-04-22,12.9,0.0
2014-04-23,10.0,0.0
2014-04-24,9.0,0.0
2014-04-25,10.9,0.0
2014-04-26,11.7,0.0
2014-04-27,12.3,0.0
2014-04-28,11.8,0.0
2014-04-29,12.3,0.0
2014-04-30,9.9,0.0
2014-05-01,7.5,0.0
2014-05-02,6.1,0.0
2014-05-03,6.1,0.0
2014-05-04,6.9,0.0
2014-05-05,6.3,0.3
2014-05-06,7.3,2.7
2014-05-07,8.6,9.8
2014-05-08,9.7,5.1
2014-05-09,10.3,5.7
2014-05-10,10.6,8.3
2014-05-11,10.0,16.9
2014-05-12,10.3,8.6
2014-05-13,9.7,11.1
2014-05-14,10.0,3.8
2014-05-15,10.3,0.0
2014-05-16,11.2,0.0
2014-05-17,14.1,0.0
2014-05-18,11.6,12.0
2014-05-19,13.8,1.8
2014-05-20,14.8,0.0
2014-05-21,16.2,0.0
2014-05-22,19.6,0.0
2014-05-23,20.3,10.0
2014-05-24,16.4,0.5
2014-05-25,16.3,0.0
2014-05-26,15.7,0.0
2014-05-27,13.4,0.0
2014-05-28,11.2,0.0
2014-05-29,11.5,0.0
2014-05-30,14.4,0.0
2014-05-31,13.4,0.0
2014-06-01,13.8,1.5
2014-06-02,15.2,0.2
2014-06-03,12.1,9.3
2014-06-04,13.0,2.9
2014-06-05,14.8,4.2
2014-06-06,13.2,1.2
2014-06-07,15.2,0.0
2014-06-08,16.4,0.0
2014-06-09,18.4,0.0
2014-06-10,18.7,0.0
2014-06-11,16.8,5.2
2014-06-12,15.8,1.1
2014-06-13,14.5,10.0
2014-06-14,14.6,0.0
2014-06-15,14.1,0.0
2014-06-16,14.4,0.6
2014-06-17,14.0,0.0
2014-06-18,15.8,0.0
2014-06-19,14.2,2.7
2014-06-20,13.7,0.3
2014-06-21,11.1,9.4
2014-06-22,12.1,5.4
2014-06-23,12.3,1.3
2014-06-24,12.1,3.4
2014-06-25,13.2,0.9
2014-06-26,13.1,5.5
2014-06-27,13.2,16.0
2014-06-28,14.1,14.3
2014-06-29,13.7,3.4
2014-06-30,14.9,0.0
2014-07-01,13.8,0.0
2014-07-02,13.6,3.6
2014-07-03,14.9,1.0
2014-07-04,19.1,0.0
2014-07-05,19.4,0.0
2014-07-06,20.7,0.0
2014-07-07,20.9,5.8
2014-07-08,21.6,1.1
2014-07-09,23.9,0.0
2014-07-10,22.3,0.0
2014-07-11,19.3,0.0
2014-07-12,15.5,29.6
2014-07-13,14.8,40.8
2014-07-14,16.2,1.0
2014-07-15,17.7,0.3
2014-07-16,17.0,0.0
2014-07-17,17.1,0.0
2014-07-18,18.5,0.0
2014-07-19,19.5,0.0
2014-07-20,19.8,0.0
2014-07-21,20.2,0.0
2014-07-22,20.8,0.0
2014-07-23,20.4,0.0
2014-07-24,21.1,0.0
2014-07-25,21.4,2.8
2014-07-26,21.1,0.0
2014-07-27,20.7,7.9
2014-07-28,21.6,0.0
2014-07-29,22.1,2.0
2014-07-30,18.6,2.1
2014-07-31,18.4,0.0
2014-08-01,18.9,1.1
2014-08-02,19.1,13.8
2014-08-03,22.8,2.4
2014-08-04,19.4,9.6
2014-08-05,16.9,0.6
2014-08-06,17.3,0.0
2014-08-07,17.2,0.1
2014-08-08,18.6,0.8
2014-08-09,17.9,12.5
2014-08-10,16.0,8.7
2014-08-11,18.3,0.3
2014-08-12,14.5,8.1
2014-08-13,15.3,0.0
2014-08-14,15.7,0.8
2014-08-15,15.6,3.7
2014-08-16,13.8,0.7
2014-08-17,12.7,15.2
2014-08-18,12.6,16.3
2014-08-19,13.3,5.1
2014-08-20,13.3,3.4
2014-08-21,12.5,3.0
2014-08-22,12.9,9.3
2014-08-23,12.4,5.6
2014-08-24,11.7,7.0
2014-08-25,11.9,2.1
2014-08-26,12.7,0.4
2014-08-27,13.5,0.0
2014-08-28,13.2,0.0
2014-08-29,12.1,4.4
2014-08-30,13.3,4.4
2014-08-31,13.2,1.8
2014-09-01,14.8,0.0
2014-09-02,13.5,0.0
2014-09-03,13.7,0.0
2014-09-04,12.8,0.0
2014-09-05,14.8,0.0
2014-09-06,15.4,0.0
2014-09-07,15.7,8.3
2014-09-08,15.4,2.2
2014-09-09,12.8,12.5
2014-09-10,12.3,1.5
2014-09-11,15.1,0.1
2014-09-12,13.9,0.0
2014-09-13,13.6,3.4
2014-09-14,15.8,0.0
2014-09-15,14.5,0.0
2014-09-16,13.3,0.0
2014-09-17,14.2,0.0
2014-09-18,14.4,0.0
2014-09-19,14.5,0.1
2014-09-20,12.5,0.6
2014-09-21,12.7,4.3
2014-09-22,8.8,0.5
2014-09-23,5.8,4.7
2014-09-24,11.3,5.4
2014-09-25,11.2,1.5
2014-09-26,12.5,1.2
2014-09-27,12.2,0.0
2014-09-28,12.5,0.0
2014-09-29,13.3,0.0
2014-09-30,9.9,0.0
2014-10-01,10.9,1.8
2014-10-02,13.4,1.5
2014-10-03,12.1,0.1
2014-10-04,13.5,0.0
2014-10-05,10.4,0.0
2014-10-06,10.5,0.2
2014-10-07,10.7,11.6
2014-10-08,11.1,1.8
2014-10-09,14.0,0.9
2014-10-10,12.5,0.0
2014-10-11,11.0,2.4
2014-10-12,11.2,2.1
2014-10-13,8.1,18.7
2014-10-14,8.9,0.9
2014-10-15,9.1,1.4
2014-10-16,9.1,11.4
2014-10-17,8.3,13.7
2014-10-18,10.1,3.9
2014-10-19,14.0,15.7
2014-10-20,11.7,4.5
2014-10-21,9.1,4.7
2014-10-22,9.0,0.9
2014-10-23,7.3,0.0
2014-10-24,9.6,1.7
2014-10-25,9.2,2.3
2014-10-26,10.9,0.0
2014-10-27,12.4,0.0
2014-10-28,11.0,0.0
2014-10-29,7.8,0.1
2014-10-30,4.1,0.0
2014-10-31,6.7,0.4
2014-11-01,10.6,0.4
2014-11-02,12.0,0.1
2014-11-03,11.0,2.7
2014-11-04,10.1,6.2
2014-11-05,7.2,13.1
2014-11-06,4.9,2.8
2014-11-07,5.7,0.2
2014-11-08,7.2,0.0
2014-11-09,7.3,2.1
2014-11-10,8.2,1.2
2014-11-11,6.8,0.0
2014-11-12,8.1,0.1
2014-11-13,7.7,2.7
2014-11-14,7.8,0.5
2014-11-15,7.4,0.5
2014-11-16,6.1,5.0
2014-11-17,6.1,5.2
2014-11-18,5.1,0.5
2014-11-19,3.1,0.5
2014-11-20,3.9,0.0
2014-11-21,4.0,0.0
2014-11-22,2.0,0.0
2014-11-23,5.7,0.3
2014-11-24,6.3,7.7
2014-11-25,3.4,0.0
2014-11-26,4.0,0.2
2014-11-27,3.0,0.3
2014-11-28,1.3,0.1
2014-11-29,1.1,0.0
2014-11-30,1.2,0.0
2014-12-01,0.6,0.0
2014-12-02,1.0,0.0
2014-12-03,-0.9,0.0
2014-12-04,-0.5,0.0
2014-12-05,2.3,4.9
2014-12-06,2.6,0.3
2014-12-07,1.9,10.9
2014-12-08,2.5,0.6
2014-12-09,2.4,1.3
2014-12-10,2.6,10.2
2014-12-11,3.0,3.2
2014-12-12,3.7,16.6
2014-12-13,3.6,0.1
2014-12-14,1.7,0.3
2014-12-15,3.2,5.8
2014-12-16,1.3,6.7
2014-12-17,3.1,2.7
2014-12-18,5.5,11.0
2014-12-19,5.4,3.5
2014-12-20,2.4,4.4
2014-12-21,2.7,20.7
2014-12-22,6.7,8.4
2014-12-23,5.5,0.8
2014-12-24,2.4,5.1
2014-12-25,-3.3,0.0
2014-12-26,-7.3,0.0
2014-12-27,-3.1,0.3
2014-12-28,-8.6,0.0
2014-12-29,-9.1,0.0
2014-12-30,-0.6,0.2
2014-12-31,3.6,0.1
2015-01-01,4.6,11.2
2015-01-02,5.3,1.2
2015-01-03,3.6,0.0
2015-01-04,0.5,0.0
2015-01-05,-1.2,0.0
2015-01-06,-0.6,1.6
2015-01-07,1.2,3.3
2015-01-08,3.8,3.4
2015-01-09,3.4,17.0
2015-01-10,3.6,20.4
2015-01-11,3.3,2.8
2015-01-12,4.8,5.0
2015-01-13,4.0,4.0
2015-01-14,1.6,1.7
2015-01-15,2.4,18.5
2015-01-16,4.9,0.3
2015-01-17,2.5,0.2
2015-01-18,0.0,0.8
2015-01-19,0.0,3.2
2015-01-20,0.2,8.8
2015-01-21,-0.2,0.8
2015-01-22,-0.7,0.1
2015-01-23,-2.6,0.0
2015-01-24,-1.7,1.4
2015-01-25,-0.1,0.0
2015-01-26,0.2,5.5
2015-01-27,1.1,0.6
2015-01-28,1.8,8.5
2015-01-29,0.6,3.6
2015-01-30,-0.1,0.6
2015-01-31,-0.1,1.4
2015-02-01,-0.3,2.3
2015-02-02,-2.6,1.3
2015-02-03,-4.5,0.4
2015-02-04,-3.2,0.0
2015-02-05,-2.8,0.0
2015-02-06,-1.1,0.1
2015-02-07,2.8,0.0
2015-02-08,0.3,0.0
2015-02-09,4.0,0.0
2015-02-10,2.5,0.0
2015-02-11,1.4,0.0
2015-02-12,1.0,0.0
2015-02-13,-0.6,0.0
2015-02-14,-1.1,0.0
2015-02-15,1.1,0.0
2015-02-16,0.8,0.0
2015-02-17,0.3,0.0
2015-02-18,3.8,2.7
2015-02-19,3.2,0.1
2015-02-20,1.9,7.9
2015-02-21,2.0,10.3
2015-02-22,2.2,1.4
2015-02-23,1.7,3.7
2015-02-24,2.7,0.6
2015-02-25,2.8,0.1
2015-02-26,1.5,0.0
2015-02-27,2.6,0.5
2015-02-28,1.7,0.0
2015-03-01,1.9,3.8
2015-03-02,2.0,6.7
2015-03-03,2.8,0.0
2015-03-04,1.6,0.4
2015-03-05,2.2,0.4
2015-03-06,4.0,1.7
2015-03-07,5.7,0.0
2015-03-08,8.2,0.0
2015-03-09,5.4,0.8
2015-03-10,5.5,0.0
2015-03-11,5.1,0.0
2015-03-12,1.5,0.0
2015-03-13,2.0,0.0
2015-03-14,4.0,0.0
2015-03-15,4.2,0.0
2015-03-16,6.5,0.0
2015-03-17,5.5,0.0
2015-03-18,5.4,0.0
2015-03-19,4.4,0.0
2015-03-20,2.8,4.5
2015-03-21,1.6,1.0
2015-03-22,-2.0,0.0
2015-03-23,3.7,0.1
2015-03-24,5.4,0.0
2015-03-25,2.3,0.0
2015-03-26,4.5,2.0
2015-03-27,4.1,0.0
2015-03-28,4.7,8.5
2015-03-29,5.9,21.9
2015-03-30,4.0,5.1
2015-03-31,2.2,4.4
2015-04-01,3.7,0.5
2015-04-02,2.6,0.5
2015-04-03,2.9,0.6
2015-04-04,2.4,0.4
2015-04-05,2.6,0.0
2015-04-06,2.9,0.0
2015-04-07,4.9,0.1
2015-04-08,8.7,0.0
2015-04-09,7.1,0.0
2015-04-10,7.3,0.0
2015-04-11,10.7,5.4
2015-04-12,7.0,13.8
2015-04-13,4.7,0.1
2015-04-14,5.2,8.9
2015-04-15,7.7,11.5
2015-04-16,6.3,0.0
2015-04-17,5.1,0.3
2015-04-18,6.0,0.0
2015-04-19,8.3,0.0
2015-04-20,10.6,0.0
2015-04-21,10.0,0.0
2015-04-22,8.8,0.0
2015-04-23,9.5,0.0
2015-04-24,8.9,0.1
2015-04-25,9.2,2.8
2015-04-26,6.8,1.8
2015-04-27,6.3,0.0
2015-04-28,5.8,0.5
2015-04-29,6.8,1.0
2015-04-30,7.5,1.4
2015-05-01,5.7,0.0
2015-05-02,8.0,0.0
2015-05-03,7.1,4.6
2015-05-04,9.7,5.8
2015-05-05,10.5,8.6
2015-05-06,11.8,4.6
2015-05-07,9.1,1.8
2015-05-08,7.9,0.0
2015-05-09,6.6,2.7
2015-05-10,8.9,0.4
2015-05-11,9.9,0.0
2015-05-12,11.1,11.1
2015-05-13,8.9,9.5
2015-05-14,11.2,0.7
2015-05-15,9.4,0.0
2015-05-16,8.0,2.9
2015-05-17,8.1,4.2
2015-05-18,9.3,12.5
2015-05-19,9.4,4.3
2015-05-20,10.0,0.4
2015-05-21,9.5,0.0
2015-05-22,9.8,1.5
2015-05-23,10.2,0.0
2015-05-24,9.9,0.0
2015-05-25,9.1,1.2
2015-05-26,9.9,0.6
2015-05-27,10.4,0.0
2015-05-28,9.2,5.4
2015-05-29,9.6,5.1
2015-05-30,9.1,7.2
2015-05-31,9.7,10.9
2015-06-01,11.4,0.2
2015-06-02,9.5,8.5
2015-06-03,12.1,2.2
2015-06-04,11.9,0.0
2015-06-05,12.6,0.0
2015-06-06,15.5,0.1
2015-06-07,11.8,0.0
2015-06-08,11.6,0.0
2015-06-09,12.6,0.1
2015-06-10,12.7,0.0
2015-06-11,13.4,0.0
2015-06-12,15.1,0.0
2015-06-13,16.1,9.5
2015-06-14,13.4,0.0
2015-06-15,11.3,0.0
2015-06-16,11.9,0.0
2015-06-17,10.2,13.6
2015-06-18,11.5,12.7
2015-06-19,12.0,8.2
2015-06-20,13.3,4.7
2015-06-21,12.3,2.2
2015-06-22,11.3,8.0
2015-06-23,12.2,7.0
2015-06-24,11.1,0.0
2015-06-25,11.7,0.0
2015-06-26,12.9,0.4
2015-06-27,13.8,1.0
2015-06-28,15.1,2.0
2015-06-29,15.2,0.7
2015-06-30,15.9,0.0
2015-07-01,17.8,0.0
2015-07-02,18.3,0.0
2015-07-03,20.0,0.0
2015-07-04,21.6,0.0
2015-07-05,23.4,6.8
2015-07-06,18.3,0.0
2015-07-07,16.2,6.9
2015-07-08,15.3,10.3
2015-07-09,12.3,10.6
2015-07-10,13.0,0.5
2015-07-11,15.1,0.1
2015-07-12,16.2,1.1
2015-07-13,15.4,0.9
2015-07-14,15.3,0.0
2015-07-15,14.0,0.0
2015-07-16,14.2,0.0
2015-07-17,14.7,0.2
2015-07-18,16.4,0.4
2015-07-19,13.8,14.6
2015-07-20,14.2,0.9
2015-07-21,14.9,1.6
2015-07-22,16.9,0.0
2015-07-23,15.1,0.0
2015-07-24,14.1,0.0
2015-07-25,14.5,20.5
2015-07-26,13.9,3.6
2015-07-27,11.7,7.1
2015-07-28,14.8,11.1
2015-07-29,14.0,4.3
2015-07-30,13.1,0.1
2015-07-31,13.3,0.0
2015-08-01,13.5,0.0
2015-08-02,14.5,0.0
2015-08-03,16.3,0.0
2015-08-04,18.7,21.7
2015-08-05,18.5,0.0
2015-08-06,17.1,0.0
2015-08-07,19.2,0.5
2015-08-08,16.2,0.8
2015-08-09,15.5,0.0
2015-08-10,16.7,0.0
2015-08-11,17.3,3.3
2015-08-12,16.4,0.0
2015-08-13,15.5,0.0
2015-08-14,16.6,0.0
2015-08-15,19.4,0.9
2015-08-16,19.7,0.0
2015-08-17,18.6,0.0
2015-08-18,17.6,0.0
2015-08-19,17.4,0.0
2015-08-20,17.0,0.0
2015-08-21,16.2,0.0
2015-08-22,16.2,0.0
2015-08-23,17.2,1.0
2015-08-24,18.0,1.6
2015-08-25,17.0,6.9
2015-08-26,14.8,0.1
2015-08-27,16.7,5.5
2015-08-28,15.1,1.0
2015-08-29,15.0,0.0
2015-08-30,15.4,0.7
2015-08-31,14.7,19.4
2015-09-01,16.3,1.1
2015-09-02,14.9,1.1
2015-09-03,12.7,3.3
2015-09-04,10.9,4.4
2015-09-05,10.4,14.7
2015-09-06,10.7,0.4
2015-09-07,11.0,0.0
2015-09-08,11.5,0.0
2015-09-09,10.2,0.0
2015-09-10,11.2,0.0
2015-09-11,13.9,0.0
2015-09-12,14.1,0.2
2015-09-13,13.4,0.4
2015-09-14,15.5,11.4
2015-09-15,13.9,5.1
2015-09-16,12.7,7.4
2015-09-17,16.2,3.4
2015-09-18,14.3,0.9
2015-09-19,13.0,3.2
2015-09-20,11.7,3.3
2015-09-21,10.8,3.0
2015-09-22,11.8,3.1
2015-09-23,13.8,2.6
2015-09-24,12.7,1.2
2015-09-25,12.0,0.5
2015-09-26,10.3,0.0
2015-09-27,8.9,0.0
2015-09-28,8.7,0.0
2015-09-29,8.1,0.0
2015-09-30,8.9,0.0
2015-10-01,11.8,0.0
2015-10-02,12.0,0.0
2015-10-03,10.9,0.0
2015-10-04,9.8,0.0
2015-10-05,10.3,0.0
2015-10-06,9.4,0.0
2015-10-07,8.2,0.0
2015-10-08,7.8,0.0
2015-10-09,7.3,0.0
2015-10-10,5.9,0.0
2015-10-11,5.7,0.0
2015-10-12,5.9,0.0
2015-10-13,6.7,1.1
2015-10-14,7.4,0.0
2015-10-15,7.4,0.0
2015-10-16,8.3,2.7
2015-10-17,8.5,0.1
2015-10-18,7.7,0.0
2015-10-19,7.7,0.0
2015-10-20,8.3,0.9
2015-10-21,8.7,2.1
2015-10-22,10.0,2.5
2015-10-23,10.5,0.0
2015-10-24,8.3,0.7
2015-10-25,8.8,0.0
2015-10-26,5.5,0.0
2015-10-27,3.9,0.0
2015-10-28,7.2,0.0
2015-10-29,7.6,0.0
2015-10-30,7.4,0.0
2015-10-31,8.8,0.0
2015-11-01,7.2,0.0
2015-11-02,9.6,0.0
2015-11-03,6.8,0.0
2015-11-04,5.7,0.0
2015-11-05,6.9,6.6
2015-11-06,8.8,1.1
2015-11-07,10.8,15.5
2015-11-08,8.9,9.3
2015-11-09,9.4,8.1
2015-11-10,10.6,5.9
2015-11-11,10.5,15.5
2015-11-12,9.6,1.1
2015-11-13,7.7,7.8
2015-11-14,5.6,2.5
2015-11-15,3.7,0.1
2015-11-16,6.2,2.5
2015-11-17,6.4,10.4
2015-11-18,7.7,10.3
2015-11-19,6.1,7.5
2015-11-20,0.1,0.0
2015-11-21,-2.0,10.3
2015-11-22,-1.1,1.1
2015-11-23,-6.4,0.5
2015-11-24,1.7,6.1
2015-11-25,2.1,3.6
2015-11-26,1.9,0.1
2015-11-27,4.2,1.2
2015-11-28,3.1,9.6
2015-11-29,4.3,14.0
2015-11-30,4.3,1.3
2015-12-01,4.4,0.1
2015-12-02,5.1,2.9
2015-12-03,7.7,2.6
2015-12-04,6.7,4.8
2015-12-05,8.1,8.0
2015-12-06,8.6,3.3
2015-12-07,5.5,0.0
2015-12-08,4.7,3.4
2015-12-09,6.2,0.1
2015-12-10,6.2,7.1
2015-12-11,4.4,6.7
2015-12-12,3.8,0.5
2015-12-13,1.0,0.2
2015-12-14,-2.2,2.0
2015-12-15,-0.5,0.0
2015-12-16,-1.1,1.0
2015-12-17,6.3,1.7
2015-12-18,8.4,5.3
2015-12-19,9.0,2.5
2015-12-20,9.6,0.0
2015-12-21,8.3,8.9
2015-12-22,8.3,24.1
2015-12-23,8.2,2.1
2015-12-24,5.7,1.7
2015-12-25,6.2,1.7
2015-12-26,3.3,11.9
2015-12-27,3.4,15.8
2015-12-28,1.1,0.1
2015-12-29,1.2,0.0
2015-12-30,0.8,0.0
2015-12-31,0.3,1.9
2016-01-01,1.1,0.8
2016-01-02,-2.6,0.4
2016-01-03,-4.3,0.0
2016-01-04,-3.8,0.1
2016-01-05,-6.0,0.0
2016-01-06,-8.7,0.0
2016-01-07,-6.8,1.5
2016-01-08,-1.8,7.7
2016-01-09,-1.5,2.6
2016-01-10,0.8,3.7
2016-01-11,0.8,0.7
2016-01-12,0.7,0.8
2016-01-13,-4.7,0.0
2016-01-14,-6.3,0.5
2016-01-15,-8.6,0.0
2016-01-16,-10.2,0.9
2016-01-17,-11.4,0.0
2016-01-18,-7.0,4.8
2016-01-19,-2.3,2.4
2016-01-20,-7.1,0.0
2016-01-21,-10.1,0.0
2016-01-22,-6.4,0.0
2016-01-23,-3.5,0.2
2016-01-24,0.7,0.5
2016-01-25,2.1,1.2
2016-01-26,4.7,7.8
2016-01-27,6.9,7.8
2016-01-28,4.5,1.1
2016-01-29,5.1,9.2
2016-01-30,4.2,6.9
2016-01-31,1.9,1.3
2016-02-01,2.9,9.1
2016-02-02,5.1,2.0
2016-02-03,3.2,2.6
2016-02-04,1.4,0.0
2016-02-05,0.2,1.4
2016-02-06,5.4,0.7
2016-02-07,5.2,0.3
2016-02-08,4.3,12.0
2016-02-09,3.7,11.6
2016-02-10,2.4,3.0
2016-02-11,2.0,0.6
2016-02-12,-1.3,0.0
2016-02-13,-2.7,0.7
2016-02-14,-0.6,0.0
2016-02-15,-2.9,0.0
2016-02-16,-4.6,0.0
2016-02-17,-2.8,2.8
2016-02-18,-0.2,0.0
2016-02-19,-0.6,0.0
2016-02-20,1.0,13.0
2016-02-21,2.7,9.8
2016-02-22,2.8,3.8
2016-02-23,2.5,0.5
2016-02-24,0.7,6.7
2016-02-25,0.4,1.2
2016-02-26,0.5,0.0
2016-02-27,-0.3,0.0
2016-02-28,-1.0,0.0
2016-02-29,-1.1,0.0
2016-03-01,-1.7,0.3
2016-03-02,1.1,4.4
2016-03-03,1.2,1.3
2016-03-04,0.2,0.1
2016-03-05,1.2,1.5
2016-03-06,0.6,13.4
2016-03-07,1.3,3.4
2016-03-08,1.3,1.5
2016-03-09,1.5,0.0
2016-03-10,2.1,0.2
2016-03-11,0.9,0.0
2016-03-12,1.0,0.0
2016-03-13,-0.1,0.0
2016-03-14,3.4,0.0
2016-03-15,5.4,0.0
2016-03-16,2.3,0.0
2016-03-17,2.8,0.0
2016-03-18,4.2,0.0
2016-03-19,3.3,0.0
2016-03-20,4.3,0.0
2016-03-21,4.9,0.0
2016-03-22,3.6,1.5
2016-03-23,4.3,0.1
2016-03-24,2.6,0.4
2016-03-25,4.8,1.4
2016-03-26,5.4,0.0
2016-03-27,6.5,1.3
2016-03-28,6.2,1.7
2016-03-29,5.9,1.0
2016-03-30,3.7,6.9
2016-03-31,4.8,0.5
2016-04-01,4.1,0.0
2016-04-02,6.0,0.0
2016-04-03,7.1,0.4
2016-04-04,8.7,0.5
2016-04-05,8.5,5.8
2016-04-06,7.1,5.5
2016-04-07,5.7,4.5
2016-04-08,5.9,2.0
2016-04-09,5.3,0.0
2016-04-10,5.0,0.0
2016-04-11,6.7,0.0
2016-04-12,7.5,0.0
2016-04-13,7.0,13.1
2016-04-14,6.3,0.1
2016-04-15,5.7,3.1
2016-04-16,8.0,2.4
2016-04-17,5.8,4.2
2016-04-18,6.3,3.6
2016-04-19,7.0,2.7
2016-04-20,7.8,0.0
2016-04-21,6.3,0.0
2016-04-22,7.5,0.0
2016-04-23,4.2,0.8
2016-04-24,2.2,2.0
2016-04-25,2.3,6.7
2016-04-26,4.9,1.9
2016-04-27,3.2,10.6
2016-04-28,4.7,6.1
2016-04-29,6.5,0.8
2016-04-30,9.6,0.7
2016-05-01,8.6,0.1
2016-05-02,9.3,0.0
2016-05-03,10.3,0.1
2016-05-04,9.8,0.0
2016-05-05,10.5,0.0
2016-05-06,11.2,0.0
2016-05-07,13.8,0.0
2016-05-08,15.5,0.0
2016-05-09,16.0,0.0
2016-05-10,16.4,0.0
2016-05-11,15.0,0.0
2016-05-12,12.3,0.0
2016-05-13,12.1,0.0
2016-05-14,9.2,0.0
2016-05-15,6.7,5.5
2016-05-16,7.9,1.0
2016-05-17,10.1,0.0
2016-05-18,10.1,0.0
2016-05-19,10.9,0.5
2016-05-20,12.2,4.4
2016-05-21,12.7,1.6
2016-05-22,17.3,0.0
2016-05-23,18.3,0.0
2016-05-24,19.4,0.0
2016-05-25,16.5,7.7
2016-05-26,13.7,0.0
2016-05-27,11.9,0.0
2016-05-28,15.4,0.0
2016-05-29,18.2,0.0
2016-05-30,20.2,0.0
2016-05-31,20.6,1.6
2016-06-01,21.7,0.0
2016-06-02,21.7,0.9
2016-06-03,20.7,0.0
2016-06-04,18.2,9.6
2016-06-05,16.6,0.0
2016-06-06,14.9,0.0
2016-06-07,15.6,0.0
2016-06-08,14.2,0.0
2016-06-09,13.3,0.0
2016-06-10,12.7,0.8
2016-06-11,11.2,0.0
2016-06-12,12.9,0.3
2016-06-13,12.5,0.0
2016-06-14,13.4,3.8
2016-06-15,16.0,0.3
2016-06-16,14.1,2.3
2016-06-17,14.3,0.5
2016-06-18,15.5,0.1
2016-06-19,14.7,0.0
2016-06-20,14.5,0.0
2016-06-21,15.4,1.8
2016-06-22,16.7,0.3
2016-06-23,19.6,4.2
2016-06-24,22.0,5.7
2016-06-25,22.4,3.0
2016-06-26,18.9,0.2
2016-06-27,16.1,0.7
2016-06-28,16.1,0.0
2016-06-29,13.4,7.9
2016-06-30,14.7,6.1
2016-07-01,16.1,5.7
2016-07-02,15.7,11.2
2016-07-03,13.0,3.6
2016-07-04,13.8,2.2
2016-07-05,13.6,21.5
2016-07-06,13.4,12.4
2016-07-07,14.2,1.8
2016-07-08,16.4,5.9
2016-07-09,16.0,0.0
2016-07-10,15.5,16.7
2016-07-11,17.7,6.0
2016-07-12,16.5,3.1
2016-07-13,15.4,0.0
2016-07-14,14.3,0.0
2016-07-15,15.9,0.4
2016-07-16,15.2,0.4
2016-07-17,14.8,1.6
2016-07-18,14.3,0.9
2016-07-19,16.5,0.0
2016-07-20,18.6,0.0
2016-07-21,19.4,0.0
2016-07-22,20.5,0.0
2016-07-23,19.9,0.0
2016-07-24,21.6,0.0
2016-07-25,19.6,0.0
2016-07-26,18.6,0.0
2016-07-27,16.4,0.4
2016-07-28,17.9,0.0
2016-07-29,15.7,1.9
2016-07-30,17.0,7.1
2016-07-31,15.3,1.9
2016-08-01,14.2,5.9
2016-08-02,15.0,1.9
2016-08-03,14.2,8.8
2016-08-04,17.5,4.4
2016-08-05,16.5,3.1
2016-08-06,14.9,1.0
2016-08-07,15.9,0.3
2016-08-08,16.4,4.2
2016-08-09,12.9,2.2
2016-08-10,11.0,7.6
2016-08-11,11.1,1.1
2016-08-12,12.6,2.7
2016-08-13,15.4,7.6
2016-08-14,15.4,0.0
2016-08-15,14.9,0.0
2016-08-16,14.0,1.1
2016-08-17,14.6,1.8
2016-08-18,13.6,0.7
2016-08-19,15.4,0.0
2016-08-20,14.7,0.8
2016-08-21,15.9,3.1
2016-08-22,15.1,5.3
2016-08-23,17.2,0.5
2016-08-24,17.0,0.0
2016-08-25,19.0,0.0
2016-08-26,20.9,0.0
2016-08-27,16.5,4.8
2016-08-28,13.6,5.4
2016-08-29,15.3,1.2
2016-08-30,15.3,0.0
2016-08-31,16.6,0.0
2016-09-01,14.9,0.0
2016-09-02,14.7,3.4
2016-09-03,15.7,1.7
2016-09-04,14.6,0.0
2016-09-05,14.6,0.0
2016-09-06,14.2,0.0
2016-09-07,17.4,0.3
2016-09-08,18.9,0.0
2016-09-09,17.0,0.0
2016-09-10,15.5,0.0
2016-09-11,16.6,0.0
2016-09-12,14.3,0.0
2016-09-13,17.4,0.0
2016-09-14,18.3,0.0
2016-09-15,18.5,0.0
2016-09-16,16.6,0.1
2016-09-17,13.1,0.0
2016-09-18,11.5,0.0
2016-09-19,11.3,0.0
2016-09-20,13.5,1.0
2016-09-21,11.2,0.0
2016-09-22,10.4,0.0
2016-09-23,12.6,0.5
2016-09-24,11.4,0.0
2016-09-25,12.3,0.0
2016-09-26,14.0,0.0
2016-09-27,12.4,1.8
2016-09-28,14.4,3.4
2016-09-29,15.4,8.7
2016-09-30,11.3,5.6
2016-10-01,11.4,0.8
2016-10-02,10.2,8.8
2016-10-03,10.8,0.0
2016-10-04,6.3,0.0
2016-10-05,6.4,0.0
2016-10-06,8.6,0.0
2016-10-07,8.4,0.0
2016-10-08,7.5,2.6
2016-10-09,6.5,5.4
2016-10-10,7.2,1.1
2016-10-11,6.6,0.0
2016-10-12,6.4,0.0
2016-10-13,6.5,0.0
2016-10-14,6.8,0.0
2016-10-15,6.5,1.1
2016-10-16,6.4,3.8
2016-10-17,7.1,0.4
2016-10-18,7.0,2.3
2016-10-19,8.8,4.4
2016-10-20,8.4,12.4
2016-10-21,6.4,7.6
2016-10-22,4.3,6.8
2016-10-23,4.6,3.9
2016-10-24,6.0,1.3
2016-10-25,4.9,0.0
2016-10-26,3.1,3.4
2016-10-27,9.1,6.9
2016-10-28,9.5,3.0
2016-10-29,6.9,0.0
2016-10-30,4.5,0.0
2016-10-31,5.6,9.0
2016-11-01,8.1,3.1
2016-11-02,2.5,0.0
2016-11-03,-0.2,1.3
2016-11-04,2.2,7.9
2016-11-05,4.6,17.1
2016-11-06,1.1,2.1
2016-11-07,-2.5,0.0
2016-11-08,-5.5,0.5
2016-11-09,-1.7,2.5
2016-11-10,-0.7,0.0
2016-11-11,-2.3,0.0
2016-11-12,-4.6,0.0
2016-11-13,-4.4,0.0
2016-11-14,-0.6,3.9
2016-11-15,5.1,6.7
2016-11-16,5.0,3.9
2016-11-17,4.3,5.4
2016-11-18,5.4,4.3
2016-11-19,4.1,0.4
2016-11-20,4.1,1.9
2016-11-21,7.8,0.0
2016-11-22,7.9,0.0
2016-11-23,5.7,0.0
2016-11-24,3.0,0.0
2016-11-25,2.9,0.3
2016-11-26,6.2,0.7
2016-11-27,2.0,0.0
2016-11-28,-2.0,0.0
2016-11-29,2.5,1.7
2016-11-30,3.8,0.5
2016-12-01,3.8,1.3
2016-12-02,0.0,0.0
2016-12-03,-2.0,0.0
2016-12-04,1.8,0.1
2016-12-05,4.5,0.0
2016-12-06,-1.7,0.0
2016-12-07,1.2,5.1
2016-12-08,8.5,0.0
2016-12-09,7.0,7.5
2016-12-10,7.9,1.9
2016-12-11,5.6,1.1
2016-12-12,-2.3,0.0
2016-12-13,2.3,0.5
2016-12-14,-1.1,0.0
2016-12-15,-3.7,0.0
2016-12-16,-0.2,0.0
2016-12-17,0.0,2.1
2016-12-18,2.8,0.0
2016-12-19,3.0,0.2
2016-12-20,2.1,0.0
2016-12-21,1.6,0.1
2016-12-22,4.3,4.9
2016-12-23,4.2,2.8
2016-12-24,4.3,4.0
2016-12-25,5.1,5.1
2016-12-26,4.6,5.0
2016-12-27,4.3,0.0
2016-12-28,-1.1,0.0
2016-12-29,3.0,0.0
2016-12-30,3.1,0.2
2016-12-31,6.5,3.8
2017-01-01,4.6,1.4
2017-01-02,-2.8,0.1
2017-01-03,0.3,3.2
2017-01-04,-0.5,0.0
2017-01-05,-8.7,0.0
2017-01-06,-11.6,0.9
2017-01-07,-3.2,1.0
2017-01-08,-1.8,0.4
2017-01-09,1.1,1.0
2017-01-10,-0.2,0.0
2017-01-11,0.9,12.3
2017-01-12,2.2,0.7
2017-01-13,-0.3,0.0
2017-01-14,-0.7,0.0
2017-01-15,-3.1,0.0
2017-01-16,-5.8,0.0
2017-01-17,-5.3,2.3
2017-01-18,1.0,2.0
2017-01-19,3.6,0.4
2017-01-20,4.1,0.0
2017-01-21,0.6,0.3
2017-01-22,0.3,0.4
2017-01-23,1.2,0.0
2017-01-24,1.6,0.0
2017-01-25,1.1,0.1
2017-01-26,-0.6,0.0
2017-01-27,-2.2,0.0
2017-01-28,-1.3,0.0
2017-01-29,-0.5,1.8
2017-01-30,1.4,0.0
2017-01-31,0.4,0.0
2017-02-01,0.2,0.0
2017-02-02,0.0,0.0
2017-02-03,0.1,1.6
2017-02-04,1.2,2.1
2017-02-05,0.6,1.9
2017-02-06,-1.2,0.6
2017-02-07,-3.5,0.6
2017-02-08,-4.0,1.8
2017-02-09,-4.1,0.9
2017-02-10,-1.7,0.0
2017-02-11,-2.3,0.0
2017-02-12,-1.5,0.0
2017-02-13,-3.1,0.0
2017-02-14,-0.4,0.0
2017-02-15,0.1,0.0
2017-02-16,0.9,2.2
2017-02-17,2.9,0.5
2017-02-18,1.0,2.8
2017-02-19,3.6,4.2
2017-02-20,5.2,14.7
2017-02-21,4.4,8.2
2017-02-22,4.0,3.8
2017-02-23,2.7,7.6
2017-02-24,-1.5,0.0
2017-02-25,-2.1,9.7
2017-02-26,4.3,4.1
2017-02-27,6.4,1.1
2017-02-28,4.4,1.4
2017-03-01,3.1,2.8
2017-03-02,1.8,3.6
2017-03-03,3.3,4.1
2017-03-04,2.1,2.2
2017-03-05,1.9,3.8
2017-03-06,-0.9,0.2
2017-03-07,-2.0,0.0
2017-03-08,-1.0,0.6
2017-03-09,3.7,0.4
2017-03-10,3.1,0.0
2017-03-11,2.0,0.0
2017-03-12,0.2,0.0
2017-03-13,2.0,0.0
2017-03-14,5.0,0.3
2017-03-15,6.0,0.0
2017-03-16,6.0,1.4
2017-03-17,4.5,1.9
2017-03-18,2.0,5.9
2017-03-19,0.0,3.3
2017-03-20,4.1,9.8
2017-03-21,5.0,2.9
2017-03-22,5.3,0.0
2017-03-23,3.5,0.0
2017-03-24,2.4,0.0
2017-03-25,6.6,0.0
2017-03-26,4.8,0.0
2017-03-27,6.0,0.0
2017-03-28,6.5,0.1
2017-03-29,4.4,0.6
2017-03-30,5.6,9.5
2017-03-31,12.0,0.2
2017-04-01,9.2,0.1
2017-04-02,7.7,0.8
2017-04-03,7.9,0.0
2017-04-04,6.4,0.4
2017-04-05,6.1,0.4
2017-04-06,5.3,1.3
2017-04-07,9.1,0.0
2017-04-08,6.7,0.0
2017-04-09,7.7,0.0
2017-04-10,8.1,0.1
2017-04-11,6.0,5.6
2017-04-12,6.6,8.6
2017-04-13,5.2,11.6
2017-04-14,5.6,0.0
2017-04-15,1.3,13.2
2017-04-16,1.2,0.0
2017-04-17,1.4,0.3
2017-04-18,1.2,0.1
2017-04-19,2.3,0.0
2017-04-20,3.8,0.7
2017-04-21,7.6,0.7
2017-04-22,6.3,0.1
2017-04-23,4.3,1.9
2017-04-24,4.0,8.6
2017-04-25,3.7,1.8
2017-04-26,4.6,0.8
2017-04-27,4.3,0.6
2017-04-28,6.1,1.1
2017-04-29,4.8,1.9
2017-04-30,5.5,0.0
2017-05-01,6.8,0.0
2017-05-02,8.7,0.0
2017-05-03,10.1,0.0
2017-05-04,9.3,0.0
2017-05-05,10.5,0.0
2017-05-06,12.1,0.0
2017-05-07,10.7,1.7
2017-05-08,6.3,0.0
2017-05-09,4.1,1.8
2017-05-10,4.0,2.0
2017-05-11,3.6,4.7
2017-05-12,8.0,0.0
2017-05-13,11.0,0.5
2017-05-14,12.6,0.6
2017-05-15,12.2,0.0
2017-05-16,10.7,1.7
2017-05-17,14.4,0.0
2017-05-18,18.1,0.0
2017-05-19,18.6,0.0
2017-05-20,16.5,0.0
2017-05-21,13.9,0.0
2017-05-22,12.3,0.0
2017-05-23,14.3,2.1
2017-05-24,13.7,0.2
2017-05-25,14.4,0.0
2017-05-26,17.2,0.0
2017-05-27,17.7,0.0
2017-05-28,18.6,0.2
2017-05-29,14.7,0.3
2017-05-30,14.7,4.6
2017-05-31,12.7,2.5
2017-06-01,12.9,0.1
2017-06-02,10.9,0.0
2017-06-03,13.0,0.0
2017-06-04,11.9,6.6
2017-06-05,13.7,0.0
2017-06-06,14.9,32.2
2017-06-07,12.2,21.5
2017-06-08,12.8,4.7
2017-06-09,16.0,1.8
2017-06-10,15.6,0.0
2017-06-11,16.3,7.1
2017-06-12,14.1,4.1
2017-06-13,14.2,0.0
2017-06-14,15.4,0.0
2017-06-15,16.3,7.6
2017-06-16,14.7,5.9
2017-06-17,16.9,1.0
2017-06-18,17.6,0.0
2017-06-19,18.4,0.5
2017-06-20,16.0,0.0
2017-06-21,14.7,0.0
2017-06-22,14.1,0.9
2017-06-23,15.9,14.4
2017-06-24,15.0,4.0
2017-06-25,13.6,5.0
2017-06-26,13.2,0.4
2017-06-27,13.8,0.0
2017-06-28,14.0,0.0
2017-06-29,15.6,2.6
2017-06-30,13.7,16.5
2017-07-01,14.0,1.3
2017-07-02,13.9,0.5
2017-07-03,13.8,7.3
2017-07-04,13.9,0.0
2017-07-05,14.5,0.0
2017-07-06,14.1,0.0
2017-07-07,15.5,10.8
2017-07-08,15.8,3.5
2017-07-09,14.5,0.0
2017-07-10,14.5,0.4
2017-07-11,16.7,5.0
2017-07-12,14.5,0.3
2017-07-13,14.4,0.0
2017-07-14,14.1,0.2
2017-07-15,15.3,0.0
2017-07-16,14.0,4.1
2017-07-17,14.8,0.8
2017-07-18,15.0,0.0
2017-07-19,16.3,0.0
2017-07-20,15.9,2.1
2017-07-21,14.9,6.5
2017-07-22,16.1,0.0
2017-07-23,15.9,25.6
2017-07-24,14.9,8.7
2017-07-25,15.3,0.1
2017-07-26,17.4,0.0
2017-07-27,16.4,1.0
2017-07-28,15.6,0.5
2017-07-29,14.9,3.8
2017-07-30,14.9,22.9
2017-07-31,16.6,1.2
2017-08-01,17.5,2.3
2017-08-02,16.4,0.6
2017-08-03,15.1,25.4
2017-08-04,16.2,16.2
2017-08-05,15.6,4.5
2017-08-06,14.6,1.7
2017-08-07,15.2,0.0
2017-08-08,17.0,0.4
2017-08-09,17.8,2.4
2017-08-10,16.3,0.1
2017-08-11,15.3,0.0
2017-08-12,15.5,2.8
2017-08-13,14.8,0.0
2017-08-14,13.4,0.0
2017-08-15,15.4,8.0
2017-08-16,16.9,0.0
2017-08-17,14.8,9.7
2017-08-18,17.4,7.1
2017-08-19,15.7,2.9
2017-08-20,14.0,9.1
2017-08-21,14.1,6.2
2017-08-22,14.9,0.6
2017-08-23,13.4,0.0
2017-08-24,12.7,1.2
2017-08-25,15.0,1.1
2017-08-26,15.0,0.0
2017-08-27,14.8,5.0
2017-08-28,14.4,0.0
2017-08-29,15.9,0.0
2017-08-30,16.4,8.7
2017-08-31,14.9,0.1
2017-09-01,13.7,0.0
2017-09-02,12.2,0.6
2017-09-03,12.7,3.2
2017-09-04,13.2,0.0
2017-09-05,15.4,1.3
2017-09-06,13.4,17.6
2017-09-07,11.4,4.2
2017-09-08,12.4,14.4
2017-09-09,13.5,14.1
2017-09-10,13.0,0.0
2017-09-11,13.0,0.7
2017-09-12,12.8,5.0
2017-09-13,11.3,25.1
2017-09-14,11.6,11.2
2017-09-15,11.6,14.9
2017-09-16,11.5,0.9
2017-09-17,9.8,2.5
2017-09-18,8.8,2.5
2017-09-19,11.2,6.1
2017-09-20,11.7,2.0
2017-09-21,9.7,0.0
2017-09-22,10.2,2.5
2017-09-23,13.4,0.3
2017-09-24,15.2,0.0
2017-09-25,14.4,0.2
2017-09-26,14.3,0.0
2017-09-27,14.3,0.0
2017-09-28,13.3,0.0
2017-09-29,12.6,0.0
2017-09-30,11.3,0.0
2017-10-01,12.2,0.0
2017-10-02,12.0,13.7
2017-10-03,11.9,4.1
2017-10-04,9.2,19.1
2017-10-05,8.8,1.3
2017-10-06,7.5,0.0
2017-10-07,8.0,7.7
2017-10-08,5.4,0.1
2017-10-09,6.6,0.0
2017-10-10,7.0,7.0
2017-10-11,10.2,6.9
2017-10-12,11.1,5.2
2017-10-13,10.3,2.0
2017-10-14,13.7,6.8
2017-10-15,12.3,0.0
2017-10-16,13.4,0.0
2017-10-17,12.7,0.3
2017-10-18,11.3,2.0
2017-10-19,8.7,0.4
2017-10-20,10.3,9.9
2017-10-21,9.4,8.3
2017-10-22,9.2,15.2
2017-10-23,6.6,0.1
2017-10-24,6.0,16.6
2017-10-25,11.1,5.2
2017-10-26,10.3,12.6
2017-10-27,7.0,1.1
2017-10-28,8.8,25.0
2017-10-29,4.9,0.0
2017-10-30,2.1,0.0
2017-10-31,3.3,1.3
2017-11-01,9.8,11.3
2017-11-02,9.2,0.4
2017-11-03,4.6,0.2
2017-11-04,7.9,0.2
2017-11-05,8.7,1.8
2017-11-06,4.0,0.0
2017-11-07,1.4,0.0
2017-11-08,3.8,0.2
2017-11-09,5.9,2.2
2017-11-10,5.2,13.1
2017-11-11,4.3,3.0
2017-11-12,3.6,0.5
2017-11-13,-0.8,0.0
2017-11-14,2.4,6.7
2017-11-15,5.7,0.0
2017-11-16,4.3,5.6
2017-11-17,5.1,1.7
2017-11-18,4.3,9.8
2017-11-19,2.1,2.6
2017-11-20,-2.5,0.0
2017-11-21,-3.5,5.8
2017-11-22,4.1,8.3
2017-11-23,7.2,2.4
2017-11-24,5.6,2.3
2017-11-25,2.0,0.0
2017-11-26,3.1,3.2
2017-11-27,3.7,10.6
2017-11-28,3.3,9.8
2017-11-29,1.8,0.7
2017-11-30,-0.3,1.4
2017-12-01,0.4,0.0
2017-12-02,-0.4,2.5
2017-12-03,3.2,2.9
2017-12-04,-1.2,0.8
2017-12-05,4.6,10.3
2017-12-06,7.0,11.6
2017-12-07,5.6,6.6
2017-12-08,3.5,2.0
2017-12-09,2.1,5.2
2017-12-10,-0.1,1.2
2017-12-11,-0.7,13.8
2017-12-12,-0.6,2.6
2017-12-13,0.9,5.3
2017-12-14,0.9,23.2
2017-12-15,1.1,2.9
2017-12-16,-0.5,1.5
2017-12-17,-3.7,0.1
2017-12-18,-1.8,0.7
2017-12-19,0.2,0.0
2017-12-20,1.8,1.9
2017-12-21,4.0,0.2
2017-12-22,3.5,4.3
2017-12-23,7.4,2.2
2017-12-24,7.1,18.0
2017-12-25,6.7,6.1
2017-12-26,4.7,3.2
2017-12-27,3.2,1.8
2017-12-28,2.4,0.6
2017-12-29,2.0,0.9
2017-12-30,0.3,4.8
2017-12-31,1.9,13.5
